handleId,fieldType,name,description,productImageUrl,collection,sku,ribbon,price,surcharge,visible,discountMode,discountValue,inventory,weight,productOptionName1,productOptionType1,productOptionDescription1,productOptionName2,productOptionType2,productOptionDescription2,productOptionName3,productOptionType3,productOptionDescription3,productOptionName4,productOptionType4,productOptionDescription4,productOptionName5,productOptionType5,productOptionDescription5,productOptionName6,productOptionType6,productOptionDescription6,additionalInfoTitle1,additionalInfoDescription1,additionalInfoTitle2,additionalInfoDescription2,additionalInfoTitle3,additionalInfoDescription3,additionalInfoTitle4,additionalInfoDescription4,additionalInfoTitle5,additionalInfoDescription5,additionalInfoTitle6,additionalInfoDescription6,customTextField1,customTextCharLimit1,customTextMandatory1,customTextField2,customTextCharLimit2,customTextMandatory2,brand
product_6ca42be9-77a8-ea80-937a-e7fd238776a2,Product,Fuji Apple(CHN),,9db03f_c872e98224ed4afb87773bffcfcfdea4~mv2.jpg,,,,0.0,,true,PERCENT,0.0,InStock,0.0,Weight,DROP_DOWN,88/113p;64/72/80p;125/138/150,,,,,,,,,,,,,,,,,,,,,,,,,,,,,,,,,,
product_6ca42be9-77a8-ea80-937a-e7fd238776a2,Variant,,,,,,,,80.0,true,,,InStock,,,,88/113p,,,,,,,,,,,,,,,,,,,,,,,,,,,,,,,,,,
product_6ca42be9-77a8-ea80-937a-e7fd238776a2,Variant,,,,,,,,112.0,true,,,InStock,,,,64/72/80p,,,,,,,,,,,,,,,,,,,,,,,,,,,,,,,,,,
product_6ca42be9-77a8-ea80-937a-e7fd238776a2,Variant,,,,,,,,78.0,true,,,InStock,,,,125/138/150,,,,,,,,,,,,,,,,,,,,,,,,,,,,,,,,,,
product_952696b2-f620-9b39-e2e6-d87775753c68,Product,Fuji Apple SA,,9db03f_e3e93d3ed0654ef6b5467d9faf19d960~mv2.jpg,,,,0.0,,true,PERCENT,0.0,InStock,0.0,Weight,DROP_DOWN,100;150;180,,,,,,,,,,,,,,,,,,,,,,,,,,,,,,,,,,
product_952696b2-f620-9b39-e2e6-d87775753c68,Variant,,,,,,,,0.0,true,,,InStock,,,,100,,,,,,,,,,,,,,,,,,,,,,,,,,,,,,,,,,
product_952696b2-f620-9b39-e2e6-d87775753c68,Variant,,,,,,,,118.0,true,,,InStock,,,,150,,,,,,,,,,,,,,,,,,,,,,,,,,,,,,,,,,
product_952696b2-f620-9b39-e2e6-d87775753c68,Variant,,,,,,,,108.0,true,,,InStock,,,,180,,,,,,,,,,,,,,,,,,,,,,,,,,,,,,,,,,
product_ba11f3eb-f0e3-3eb7-973b-88e88692a671,Product,Royal Gala Apple(SA)/135p,,9db03f_2273f112c4d141808cd8b02d2b898566~mv2.png,,,,102.0,,true,PERCENT,0.0,InStock,0.0,,,,,,,,,,,,,,,,,,,,,,,,,,,,,,,,,,,,,
product_94c17ad3-c0a0-a51d-7e12-7d7dc1927ff8,Product,Honey Mandarin(CHN)/84,,9db03f_fffe319d5c814799bcb87c067e84f2ab~mv2.jpg,,,,55.0,,true,PERCENT,0.0,InStock,0.0,,,,,,,,,,,,,,,,,,,,,,,,,,,,,,,,,,,,,
product_cfdf4b33-be61-7d88-b9d3-57ef3ac49a6a,Product,Valencia Orange (EGY),,9db03f_50c08779a6894313b638251c5cce2cf4~mv2.png,,,,55.0,,true,PERCENT,0.0,InStock,0.0,Type,DROP_DOWN,72;88;100,,,,,,,,,,,,,,,,,,,,,,,,,,,,,,,,,,
product_3d2dc6e6-7cdb-b721-e6f9-4b26ac80b626,Product,Century Pear(CHN)/42p,,9db03f_fd05ff96c4ed4f37b2ee790daece6cc1~mv2.jpg,,,,88.0,,true,PERCENT,0.0,InStock,0.0,,,,,,,,,,,,,,,,,,,,,,,,,,,,,,,,,,,,,
product_ea76f112-3fe9-4811-fb92-df065939f57d,Product,Fragrant Pear(CHN)/7kg/XL,,9db03f_d1f5cd9a9c484d53a0adbe908ec2dd55~mv2.jpg,,,,65.0,,true,PERCENT,0.0,InStock,0.0,,,,,,,,,,,,,,,,,,,,,,,,,,,,,,,,,,,,,
product_e2339ed6-4874-dcfb-f327-31bf537bebaf,Product,Ya Pear(CHN),,9db03f_d6feb25731ec478c81fdfa6d5cd31a2d~mv2.png,,,,0.0,,true,PERCENT,0.0,InStock,0.0,Weight,DROP_DOWN,80p;96p;112p,,,,,,,,,,,,,,,,,,,,,,,,,,,,,,,,,,
product_e2339ed6-4874-dcfb-f327-31bf537bebaf,Variant,,,,,,,,55.0,true,,,InStock,,,,80p,,,,,,,,,,,,,,,,,,,,,,,,,,,,,,,,,,
product_e2339ed6-4874-dcfb-f327-31bf537bebaf,Variant,,,,,,,,50.0,true,,,InStock,,,,96p,,,,,,,,,,,,,,,,,,,,,,,,,,,,,,,,,,
product_e2339ed6-4874-dcfb-f327-31bf537bebaf,Variant,,,,,,,,45.0,true,,,InStock,,,,112p,,,,,,,,,,,,,,,,,,,,,,,,,,,,,,,,,,
product_541b6c19-ace4-0351-9d77-7187dfbeaa6c,Product,Gong Pear(CHN)/36p,,9db03f_0351ba576e764857bd6277e92ec86e8b~mv2.jpg,,,,55.0,,true,PERCENT,0.0,InStock,0.0,,,,,,,,,,,,,,,,,,,,,,,,,,,,,,,,,,,,,
product_d6d93806-7ce1-8417-148c-d58d02097bc6,Product,Sonaka Grape(IND)/500g*10p,,9db03f_aaf8d1e1c4134fdf9fec74897e4b1ea1~mv2.jpg,,,,0.0,,true,PERCENT,0.0,InStock,0.0,,,,,,,,,,,,,,,,,,,,,,,,,,,,,,,,,,,,,
product_9dbbb965-be61-5c8e-640b-e7365cb67b40,Product,Lychee(CHN),,9db03f_a44dd67109bf45ca9f6956fb1bceb251~mv2.jpg,,,,0.0,,true,PERCENT,0.0,InStock,0.0,Weight,DROP_DOWN,1kg*12p;9kg,,,,,,,,,,,,,,,,,,,,,,,,,,,,,,,,,,
product_251a71dc-bad4-c5f3-d2b9-05444e842f72,Product,Cherry(USA)/5kg,,9db03f_491fe300438242f1af5283727e22c52a~mv2.jpg,,,,0.0,,true,PERCENT,0.0,InStock,0.0,,,,,,,,,,,,,,,,,,,,,,,,,,,,,,,,,,,,,
product_e6c09cd5-b16c-b307-7318-94cf03645078,Product,Hami Melon CHINA/9kg,,9db03f_a1bb25bc04d04e75a04a5700c3ce80b0~mv2.jpeg,,,,60.0,,true,PERCENT,0.0,InStock,0.0,,,,,,,,,,,,,,,,,,,,,,,,,,,,,,,,,,,,,
product_6f03ef7b-bc74-5b9f-b5f5-932977ffe865,Product,Lemon,,9db03f_f12f31a6c32749828dc1799cfb845c2e~mv2.jpeg,,,,0.0,,true,PERCENT,0.0,InStock,0.0,Type,DROP_DOWN,CHN(75);SA(113),,,,,,,,,,,,,,,,,,,,,,,,,,,,,,,,,,
product_6f03ef7b-bc74-5b9f-b5f5-932977ffe865,Variant,,,,,,,,85.0,true,,,InStock,,,,CHN(75),,,,,,,,,,,,,,,,,,,,,,,,,,,,,,,,,,
product_6f03ef7b-bc74-5b9f-b5f5-932977ffe865,Variant,,,,,,,,88.0,true,,,InStock,,,,SA(113),,,,,,,,,,,,,,,,,,,,,,,,,,,,,,,,,,
product_62575667-53c2-2ba7-68fb-c8100d44afcd,Product,BANGLADESH/Potato/500g*10p,,9db03f_793f5ccf06cb4a148885b245dac4de05~mv2.jpg,Potato type Vegetables;VEGETABLES,,,13.0,,true,PERCENT,0.0,InStock,0.0,,,,,,,,,,,,,,,,,,,,,,,,,,,,,,,,,,,,,
product_d0759759-f3b1-3b01-3e03-70b1f719242d,Product,Big Shallot(IND)/500g*10p,,9db03f_9a63d582681a460da03b58a577b32762~mv2.jpg,Potato type Vegetables;VEGETABLES,,,15.0,,true,PERCENT,0.0,InStock,0.0,,,,,,,,,,,,,,,,,,,,,,,,,,,,,,,,,,,,,
product_9a69f6c3-98b5-a79b-c0b9-ea00056b5709,Product,Dried Chilli(IND)/100g*10p,,9db03f_e0287f4fd66144688427684641129481~mv2.jpg,Fruity Vegetables;VEGETABLES,,,18.0,,true,PERCENT,0.0,InStock,0.0,,,,,,,,,,,,,,,,,,,,,,,,,,,,,,,,,,,,,
product_c915ac81-413c-a59f-dccb-3dd24b7778de,Product,Sweet Corn(25packet*2pcs),,9db03f_2300571416e64365b00c72f7e22c1f57~mv2.jpg,Fruity Vegetables;VEGETABLES,,,68.0,,true,PERCENT,0.0,InStock,0.0,,,,,,,,,,,,,,,,,,,,,,,,,,,,,,,,,,,,,
product_8ce53dba-92b4-6e05-0d41-fbb1b6c1a2b9,Product,Sweet Tamarind(1kg*10p),,9db03f_2d302c1bfb344bed825748d9e9cf9d26~mv2.jpg,Fruity Vegetables;VEGETABLES,,,135.0,,true,PERCENT,0.0,InStock,0.0,,,,,,,,,,,,,,,,,,,,,,,,,,,,,,,,,,,,,
product_47ec646a-812a-b2a3-ba8a-044fade75e4b,Product,Dried Seaweed(50g*30p),,9db03f_610aa45b66334cd49989890f6291f383~mv2.jpg,VEGETABLES,,,65.0,,true,PERCENT,0.0,InStock,0.0,,,,,,,,,,,,,,,,,,,,,,,,,,,,,,,,,,,,,
product_955c87d6-bcea-5636-8e23-94fae0c5a348,Product,GroundNut(5kg),,9db03f_16530b86424e481ea68a131381442e9c~mv2.jpg,Vegetable Beans;VEGETABLES,,,50.0,,true,PERCENT,0.0,InStock,0.0,,,,,,,,,,,,,,,,,,,,,,,,,,,,,,,,,,,,,
product_cbe377df-631a-fa43-e103-d002aa10aba4,Product,Salt Plum,,9db03f_4b4a2b60c14f4441ae6441cce4eee439~mv2.jpg,VEGETABLES,,,0.0,,true,PERCENT,0.0,InStock,0.0,Weight,DROP_DOWN,168g*48;2kg*6,,,,,,,,,,,,,,,,,,,,,,,,,,,,,,,,,,
product_cbe377df-631a-fa43-e103-d002aa10aba4,Variant,,,,,,,,80.0,true,,,InStock,,,,168g*48,,,,,,,,,,,,,,,,,,,,,,,,,,,,,,,,,,
product_cbe377df-631a-fa43-e103-d002aa10aba4,Variant,,,,,,,,85.0,true,,,InStock,,,,2kg*6,,,,,,,,,,,,,,,,,,,,,,,,,,,,,,,,,,
product_bbb199be-f4d0-85da-8c71-b5e42f73cde3,Product,Sichuan Slide(30kg),,9db03f_5a162982e1124dd195e4e578ad762836~mv2.jpeg,Fruity Vegetables;VEGETABLES,,,115.0,,true,PERCENT,0.0,InStock,0.0,Weight,DROP_DOWN,250g*50p;38kg,,,,,,,,,,,,,,,,,,,,,,,,,,,,,,,,,,
product_83406623-4655-7847-f2bd-10e454a22df7,Product,Sichuan Whole,,9db03f_5a162982e1124dd195e4e578ad762836~mv2.jpeg,Fruity Vegetables;VEGETABLES,,,0.0,,true,PERCENT,0.0,InStock,0.0,Weight,DROP_DOWN,250g*50p;38kg,,,,,,,,,,,,,,,,,,,,,,,,,,,,,,,,,,
product_83406623-4655-7847-f2bd-10e454a22df7,Variant,,,,,,,,0.0,true,,,InStock,,,,250g*50p,,,,,,,,,,,,,,,,,,,,,,,,,,,,,,,,,,
product_83406623-4655-7847-f2bd-10e454a22df7,Variant,,,,,,,,0.0,true,,,InStock,,,,38kg,,,,,,,,,,,,,,,,,,,,,,,,,,,,,,,,,,
product_a80ffe92-29f3-cdc2-b2c1-1733da0a78c9,Product,Garlic Pulp,,9db03f_1d6294dc343a43a3b54d32cd309361fe~mv2.png,Potato type Vegetables;VEGETABLES,,,270.0,,true,PERCENT,0.0,InStock,0.0,,,,,,,,,,,,,,,,,,,,,,,,,,,,,,,,,,,,,
product_84161580-6b2a-cf0e-a49c-86ee4ccfc37b,Product,Lotus Seed(100g*50p),,9db03f_84585ce82632417794a3627f7b86caf9~mv2.jpg,Vegetable Beans;VEGETABLES,,,130.0,,true,PERCENT,0.0,InStock,0.0,,,,,,,,,,,,,,,,,,,,,,,,,,,,,,,,,,,,,
product_61fdc416-212c-961f-8955-2af906686a90,Product,Ginkgo Nut(80g*100p),,9db03f_2564872f2e714af5a39a91eb0172dc20~mv2.jpeg,Vegetable Beans;VEGETABLES,,,95.0,,true,PERCENT,0.0,InStock,0.0,,,,,,,,,,,,,,,,,,,,,,,,,,,,,,,,,,,,,
product_3fa513c6-bc80-52ce-8d9e-ac9143fa2370,Product,Bamboo Shoot (10kg),,9db03f_620c4568000f4f288a7198771e3d559c~mv2.jpg,VEGETABLES,,,130.0,,true,PERCENT,0.0,InStock,0.0,,,,,,,,,,,,,,,,,,,,,,,,,,,,,,,,,,,,,
product_3558830c-050c-e8d3-fbd1-31a9a1ce62f3,Product,Fresh Black Fungus(200g*25p),,9db03f_1210f8d3633f4e0e9b02d53cc68f2e5c~mv2.jpg,VEGETABLES,,,65.0,,true,PERCENT,0.0,InStock,0.0,,,,,,,,,,,,,,,,,,,,,,,,,,,,,,,,,,,,,
product_31b40427-6442-af96-198a-2fe53d12714a,Product,Wax Gourd(1kg),,9db03f_97b649f47abe440282abc469cd369bfb~mv2.jpg,Fruity Vegetables;VEGETABLES,,,4.0,,true,PERCENT,0.0,InStock,0.0,,,,,,,,,,,,,,,,,,,,,,,,,,,,,,,,,,,,,
product_197dd2ec-8246-e5bb-c81b-f209e9b4cbdf,Product,Arrow Root (10kg),,9db03f_87d117cdcf4b44d3b17e14029db0f8df~mv2.jpg,Potato type Vegetables;VEGETABLES,,,0.0,,true,PERCENT,0.0,InStock,0.0,,,,,,,,,,,,,,,,,,,,,,,,,,,,,,,,,,,,,
product_22a26456-4d45-8ae0-cbbb-cdb907a37d0f,Product,Yacon(7kg),,9db03f_1abb706fe7a74f60960d0ab55c3ff85d~mv2.jpg,Potato type Vegetables;VEGETABLES,,,0.0,,true,PERCENT,0.0,InStock,0.0,,,,,,,,,,,,,,,,,,,,,,,,,,,,,,,,,,,,,
product_6e386e56-f802-983f-2707-a3c70633cbf6,Product,Baby Qing Bak(4kg),,9db03f_bc9b51d7b1a746d4a171909af820cda4~mv2.jpg,VEGETABLES,,,50.0,,true,PERCENT,0.0,InStock,0.0,,,,,,,,,,,,,,,,,,,,,,,,,,,,,,,,,,,,,
product_add34a90-8200-ccfd-e92b-7d85b2de903e,Product,Baby Dou Bak (4kg),,9db03f_91ca6b55ff8947f684e2d9cf46eb10a6~mv2.jpg,VEGETABLES,,,50.0,,true,PERCENT,0.0,InStock,0.0,,,,,,,,,,,,,,,,,,,,,,,,,,,,,,,,,,,,,
product_b0554fa1-34ef-fa77-fbb3-33d057eddfe7,Product,Burdock Root (10kg),,9db03f_a110e79db4fd46688efeb910cb4284a8~mv2.jpg,Potato type Vegetables;VEGETABLES,,,48.0,,true,PERCENT,0.0,InStock,0.0,,,,,,,,,,,,,,,,,,,,,,,,,,,,,,,,,,,,,
product_1af0fa40-cafe-ed1d-0d75-4ab332c0ecde,Product,Huai Shan(10kg),,9db03f_2c9a427013d448aa9d1a0ea1269483a3~mv2.png,Potato type Vegetables;VEGETABLES,,,0.0,,true,PERCENT,0.0,InStock,0.0,Type,DROP_DOWN,Normal;Vacuum,,,,,,,,,,,,,,,,,,,,,,,,,,,,,,,,,,
product_1af0fa40-cafe-ed1d-0d75-4ab332c0ecde,Variant,,,,,,,,70.0,true,,,InStock,,,,Normal,,,,,,,,,,,,,,,,,,,,,,,,,,,,,,,,,,
product_1af0fa40-cafe-ed1d-0d75-4ab332c0ecde,Variant,,,,,,,,60.0,true,,,InStock,,,,Vacuum,,,,,,,,,,,,,,,,,,,,,,,,,,,,,,,,,,
product_001a89ad-8e67-143c-0fb9-4418c6794e5d,Product,Mixed Mushroom(400g*20p),,9db03f_97ab1b7a1ba1445a8329c32996f45b3d~mv2.jpg,Mushroom;VEGETABLES,,,95.0,,true,PERCENT,0.0,InStock,0.0,,,,,,,,,,,,,,,,,,,,,,,,,,,,,,,,,,,,,
product_21a7719c-c1e2-73bb-2173-1da752a31705,Product,Snow White Mushroom(150g*40p),,9db03f_c6e49c3f7e2346b89626fcb3b08bf85e~mv2.jpg,Mushroom;VEGETABLES,,,75.0,,true,PERCENT,0.0,InStock,0.0,,,,,,,,,,,,,,,,,,,,,,,,,,,,,,,,,,,,,
product_d380f71a-9700-1ec4-b136-72b8767eba0e,Product,Sweet Pea(130g*30p),,9db03f_6f73f2c0110446d9a787de2899de54c4~mv2.jpg,Vegetable Beans;VEGETABLES,,,53.0,,true,PERCENT,0.0,InStock,0.0,,,,,,,,,,,,,,,,,,,,,,,,,,,,,,,,,,,,,
product_a2fcf041-930d-cf52-1d46-9da597d4e9c0,Product,Garlic Sprout (10kg),,9db03f_5e27bc956eaa45afac1c36ac3bc7b443~mv2.jpg,Leafy Vegetables;VEGETABLES,,,0.0,,true,PERCENT,0.0,InStock,0.0,,,,,,,,,,,,,,,,,,,,,,,,,,,,,,,,,,,,,
product_61bfecb8-d292-859c-cb5e-933c42e33c01,Product,Lettuce Shoot(10kg),,9db03f_81aeddeaa83e4a23b7b72d49a7092322~mv2.jpg,Leafy Vegetables;VEGETABLES,,,0.0,,true,PERCENT,0.0,InStock,0.0,,,,,,,,,,,,,,,,,,,,,,,,,,,,,,,,,,,,,
product_f6da0041-7cc7-f271-af12-bceeb1100247,Product,Spinach(200g*20p),,9db03f_5797488dfd8542d1a693a0f5e20a8b3c~mv2.jpg,Leafy Vegetables;VEGETABLES,,,60.0,,true,PERCENT,0.0,InStock,0.0,,,,,,,,,,,,,,,,,,,,,,,,,,,,,,,,,,,,,
product_83e86e4f-d8b7-c2e7-e050-ba7825ec3411,Product,Mak Choy (300g*13p),,9db03f_32b2ed2961f5467a9e619942ce153c5d~mv2.jpg,Leafy Vegetables;VEGETABLES,,,50.0,,true,PERCENT,0.0,InStock,0.0,,,,,,,,,,,,,,,,,,,,,,,,,,,,,,,,,,,,,
product_7deee2a9-6e85-964a-b8c8-dfbf11ae71c2,Product,Kale/Baby Kale/Stem Kale,,9db03f_f4fac569c949467db16b1efc5f260a94~mv2.jpg;9db03f_6281f35bf89847fda92db38487297fcb~mv2.png;9db03f_a2407a285f1e49a984f4d08a98ad94ee~mv2.jpg,Leafy Vegetables;VEGETABLES,,,0.0,,true,PERCENT,0.0,InStock,0.0,Type,DROP_DOWN,Big(5.5kg);Baby(4kg);Stem Kale(10kg),,,,,,,,,,,,,,,,,,,,,,,,,,,,,,,,,,
product_7deee2a9-6e85-964a-b8c8-dfbf11ae71c2,Variant,,,,,,,,65.0,true,,,InStock,,,,Big(5.5kg),,,,,,,,,,,,,,,,,,,,,,,,,,,,,,,,,,
product_7deee2a9-6e85-964a-b8c8-dfbf11ae71c2,Variant,,,,,,,,60.0,true,,,InStock,,,,Baby(4kg),,,,,,,,,,,,,,,,,,,,,,,,,,,,,,,,,,
product_30545277-1b28-9d6d-6524-2d5e1a49fbb6,Product,CHN Wong Bok/Baby Wong Bok,,9db03f_66a1602ff36f446c9a222d62d7f92a66~mv2.jpg,Leafy Vegetables;VEGETABLES,,,0.0,,true,PERCENT,0.0,InStock,0.0,Size,DROP_DOWN,Small;Large,,,,,,,,,,,,,,,,,,,,,,,,,,,,,,,,,,
product_30545277-1b28-9d6d-6524-2d5e1a49fbb6,Variant,,,,,,,,65.0,true,,,InStock,10.0,,,Small,,,,,,,,,,,,,,,,,,,,,,,,,,,,,,,,,,
product_30545277-1b28-9d6d-6524-2d5e1a49fbb6,Variant,,,,,,,,25.0,true,,,InStock,10.0,,,Large,,,,,,,,,,,,,,,,,,,,,,,,,,,,,,,,,,
product_5ea71210-1435-3a55-2789-1a49d8a93639,Product,Purple Cabbage(10kg),,9db03f_ce43d5917bec44e986573ded956d24f5~mv2.jpg,Leafy Vegetables;VEGETABLES,,,65.0,,true,PERCENT,0.0,InStock,0.0,,,,,,,,,,,,,,,,,,,,,,,,,,,,,,,,,,,,,
product_b2b587b6-96e4-0a43-03fa-22a5b41672bf,Product,CHINA Cabbage(20kg),,9db03f_c5f1bf03572444c5b49fd808e45b4ad3~mv2.jpg,Leafy Vegetables;VEGETABLES,,,22.0,,true,PERCENT,0.0,InStock,0.0,,,,,,,,,,,,,,,,,,,,,,,,,,,,,,,,,,,,,
product_f180144a-cd9c-abe4-316a-2d21defa565b,Product,VIET Carrot,,9db03f_729b6bc7f3f74f398fceea02cafc99a6~mv2.jpg,Potato type Vegetables;VEGETABLES,,,12.0,,true,PERCENT,0.0,InStock,0.0,Weight,DROP_DOWN,10kg;4.5kg,,,,,,,,,,,,,,,,,,,,,,,,,,,,,,,,,,
product_f180144a-cd9c-abe4-316a-2d21defa565b,Variant,,,,,,,,21.0,true,,,InStock,,,,10kg,,,,,,,,,,,,,,,,,,,,,,,,,,,,,,,,,,
product_f180144a-cd9c-abe4-316a-2d21defa565b,Variant,,,,,,,,12.0,true,,,InStock,,,,4.5kg,,,,,,,,,,,,,,,,,,,,,,,,,,,,,,,,,,
product_fd34452f-900e-63ee-dd01-8553da97436d,Product,VIET Sweet Potato (Yellow/Purple) /10kg,,9db03f_8ec6929185a6452dae7f3a0865e91232~mv2.jpg;9db03f_5229e37e8cbe4d2aaecd02c2ceee9db0~mv2.jpg,Potato type Vegetables;VEGETABLES,,,65.0,,true,PERCENT,0.0,InStock,0.0,Type,DROP_DOWN,"#f1c827;#800080",,,,,,,,,,,,,,,,,,,,,,,,,,,,,,,,,,
product_8e3c7a66-db31-4a46-0976-1f4cd6b86edd,Product,VIET Sweet Potato (Yellow/Purple) /5kg,,9db03f_8ec6929185a6452dae7f3a0865e91232~mv2.jpg;9db03f_5229e37e8cbe4d2aaecd02c2ceee9db0~mv2.jpg,Potato type Vegetables;VEGETABLES,,,38.0,,true,PERCENT,0.0,InStock,0.0,Type/Colour,DROP_DOWN,"#f1c827;#800080",,,,,,,,,,,,,,,,,,,,,,,,,,,,,,,,,,
product_1eb16b2f-2cf4-32df-b8f8-25eca5b27246,Product,JAPAN Huai Shan (10kg),,9db03f_e5ce15857b5d4622a35b949ce49d6139~mv2.jpg,Potato type Vegetables;VEGETABLES,,,290.0,,true,PERCENT,0.0,InStock,0.0,,,,,,,,,,,,,,,,,,,,,,,,,,,,,,,,,,,,,
product_d70e95f6-df87-e6ec-b0aa-4763097cc3e6,Product,USA Baby Carrot(250kg*40p),,9db03f_9f2f2be0a474460ba33be751784645f2~mv2.png,Potato type Vegetables;VEGETABLES,,,180.0,,true,PERCENT,0.0,InStock,0.0,,,,,,,,,,,,,,,,,,,,,,,,,,,,,,,,,,,,,
product_8fd391e2-836b-443d-874b-71fbc11b58e3,Product,CHN Baby Pumpkin (2kg),,9db03f_8c313fafd24645b18b325c4431e65907~mv2.jpg;9db03f_11b64d0f9a79454981c1fedc082a8656~mv2.png,Fruity Vegetables;VEGETABLES,,,0.0,,true,PERCENT,0.0,InStock,0.0,,,,,,,,,,,,,,,,,,,,,,,,,,,,,,,,,,,,,
product_3cacd80e-c122-0ad6-a29d-95e62d95855b,Product,AUS Purple Carrot(9kg /500g*15p),,9db03f_88c060101bf84701b4ceb335a940f587~mv2.png,Potato type Vegetables;VEGETABLES,,,80.0,,true,PERCENT,0.0,InStock,0.0,Weight,DROP_DOWN,9kg;500g*15p,,,,,,,,,,,,,,,,,,,,,,,,,,,,,,,,,,
product_f27c2ae8-0185-52db-dea3-459f2cab1792,Product,AUS Potato Nadine/Ruby Lou/Royal Blue/Chat Baby (15kg),,9db03f_f52c752772bf4f59bd97dc602749224b~mv2.jpg;9db03f_e8302e18a1664f5fb97e17f79c522a78~mv2.jpg;9db03f_0945b01a8fe542dbb463675e9ee51db5~mv2.jpg;9db03f_151bcd52338f4a8d91d96fc7135be01d~mv2.jpg,Potato type Vegetables;VEGETABLES,,,100.0,,true,PERCENT,0.0,InStock,0.0,Type,DROP_DOWN,Nadine(Green);Ruby Luo(Red);Royal Blue(Purple);Chat(Baby),,,,,,,,,,,,,,,,,,,,,,,,,,,,,,,,,,
product_3300b9b7-8273-663a-5edc-5286a362c064,Product,Turkey Whole Raw,,9db03f_ab49540abb9e45c4851f329f8da52eb4~mv2.jpg,MEAT & POULTRY;Turkey,,,0.0,,true,PERCENT,0.0,InStock,0.0,,,,,,,,,,,,,,,,,,,,,,,,,,,,,,,,,,,,,
product_c8dc4373-470e-13ae-57aa-03b6a4463c9b,Product,Turkey Breast,,9db03f_53d8ba43860f44baa3c225120579a35b~mv2.jpg,MEAT & POULTRY;Turkey,,,0.0,,true,PERCENT,0.0,InStock,0.0,,,,,,,,,,,,,,,,,,,,,,,,,,,,,,,,,,,,,
product_243d9efb-d77d-eafb-78ee-460661098ae5,Product,Sliced Turkey Toast,,9db03f_694c342f9659494481d8192fdd28902c~mv2.jpg,MEAT & POULTRY;Turkey,,,0.0,,true,PERCENT,0.0,InStock,0.0,,,,,,,,,,,,,,,,,,,,,,,,,,,,,,,,,,,,,
product_93fe00be-ffb7-7677-3bcd-ae0ae8263e7d,Product,Turkey Bacon,,9db03f_3fe82204ce2744d4bc2398815f7841ab~mv2.jpg,MEAT & POULTRY;Turkey,,,0.0,,true,PERCENT,0.0,InStock,0.0,,,,,,,,,,,,,,,,,,,,,,,,,,,,,,,,,,,,,
product_29f7c821-5bed-0a5c-c8a3-837bbd621f3a,Product,Duck Breast Raw Meat,,9db03f_c033e81ea14c4ecc8856964cb8399ef1~mv2.jpg,Duck;MEAT & POULTRY,,,0.0,,true,PERCENT,0.0,InStock,0.0,,,,,,,,,,,,,,,,,,,,,,,,,,,,,,,,,,,,,
product_8b1d7b87-0be1-b6df-53e9-56fcf0b9e331,Product,Smoked Duck,,9db03f_16729d13e965473fbf46774db2c46a3a~mv2.jpeg,Duck;MEAT & POULTRY,,,0.0,,true,PERCENT,0.0,InStock,0.0,,,,,,,,,,,,,,,,,,,,,,,,,,,,,,,,,,,,,
product_67573f49-817c-c6b6-dc29-de82720bc462,Product,Whole Duck,,9db03f_5c4157772f2846a9a11e31960cfdd2dc~mv2.jpg,Duck;MEAT & POULTRY,,,0.0,,true,PERCENT,0.0,InStock,0.0,,,,,,,,,,,,,,,,,,,,,,,,,,,,,,,,,,,,,
product_fecfde5c-662f-1d6b-7d27-7cdfa3522061,Product,Quail,,9db03f_ed1a01d979c642dabeca2797056aa06d~mv2.jpg,MEAT & POULTRY;Quail,,,0.0,,true,PERCENT,0.0,InStock,0.0,,,,,,,,,,,,,,,,,,,,,,,,,,,,,,,,,,,,,
product_dccd8adb-f1ac-5474-926c-3aad19e9f0ce,Product,Ostrich Steak/Meat,,9db03f_7b7f0234581646fd9c925cb1c14f2cec~mv2.jpg,MEAT & POULTRY;Ostrich,,,0.0,,true,PERCENT,0.0,InStock,0.0,,,,,,,,,,,,,,,,,,,,,,,,,,,,,,,,,,,,,
product_a81f12c6-258b-966a-3949-8853acd0d4b0,Product,Venicon Meat,,9db03f_5765dd38d63f436891b178404536dd32~mv2.jpg,MEAT & POULTRY;Venicon Meat,,,0.0,,true,PERCENT,0.0,InStock,0.0,,,,,,,,,,,,,,,,,,,,,,,,,,,,,,,,,,,,,
product_09580552-2139-db70-2850-79a3f04e4c1e,Product,Minced Chicken (2kg),,9db03f_ded105508f9042a0a4efefc0d10b380f~mv2.jpg,Chicken;MEAT & POULTRY,,,29.4,,true,PERCENT,0.0,InStock,0.0,,,,,,,,,,,,,,,,,,,,,,,,,,,,,,,,,,,,,
product_2247a4e0-c7df-0920-e2f5-d859d6a1e109,Product,Fresh Chicken Skin (800g-1kg) [Halal],,9db03f_f119337e663f45e2a46a096e0f8768c2~mv2.jpg,Chicken;MEAT & POULTRY,,,6.5,,true,PERCENT,0.0,InStock,0.0,,,,,,,,,,,,,,,,,,,,,,,,,,,,,,,,,,,,,
product_99fbc27a-1c31-0933-a0de-3fa85e349129,Product,Fresh Chicken Gizzard (800g-1kg) [Halal],,9db03f_1ecd4ce1b3f54acfb02a4128d206ca58~mv2.jpg,Chicken;MEAT & POULTRY,,,7.8,,true,PERCENT,0.0,InStock,0.0,,,,,,,,,,,,,,,,,,,,,,,,,,,,,,,,,,,,,
product_87cc0cd4-0b40-abb7-91e1-19adbb7e4af8,Product,Old Hen (1 bird) [Halal],,9db03f_ccb31a3319b941bfa117640b85a5b42e~mv2.jpg,Chicken;MEAT & POULTRY,,,10.4,,true,PERCENT,0.0,InStock,0.0,,,,,,,,,,,,,,,,,,,,,,,,,,,,,,,,,,,,,
product_d586ddba-0fd4-4d06-4482-302964962042,Product,Fresh Chicken Neck (800g-1kg) [Halal],,9db03f_36bd226ecc0846498173962d29caa725~mv2.jpg,Chicken;MEAT & POULTRY,,,4.75,,true,PERCENT,0.0,InStock,0.0,,,,,,,,,,,,,,,,,,,,,,,,,,,,,,,,,,,,,
product_81395fe1-d091-f3fa-a71f-158e2203ad12,Product,Fresh Chicken Feet (800g-1kg) [Halal],,9db03f_3afd007c13244c328a2a371bb928b491~mv2.jpg,Chicken;MEAT & POULTRY,,,8.9,,true,PERCENT,0.0,InStock,0.0,,,,,,,,,,,,,,,,,,,,,,,,,,,,,,,,,,,,,
product_bda8313f-55d1-a1b0-a267-42a9b15b93eb,Product,Fresh Chicken Liver (800g-1kg) [Halal],,9db03f_49a6a1a5c7b6460c8829ca97e5d59e42~mv2.jpg,Chicken;MEAT & POULTRY,,,3.9,,true,PERCENT,0.0,InStock,0.0,,,,,,,,,,,,,,,,,,,,,,,,,,,,,,,,,,,,,
product_cb1b640a-9eae-d5da-c248-4d04b57fd4db,Product,Fresh Chicken Quarter (800g-1kg) [Halal],,9db03f_947d112d2177443e9d4d0eb5d1f8ac26~mv2.jpg,Chicken;MEAT & POULTRY,,,15.6,,true,PERCENT,0.0,InStock,0.0,,,,,,,,,,,,,,,,,,,,,,,,,,,,,,,,,,,,,
product_4e4b5cae-7460-c43c-104d-c252d0271d0d,Product,Fresh Chicken Drumstick (800g-1kg) [Halal],,9db03f_7db313a455d345e7aee002bdef34d3fa~mv2.jpg,Chicken;MEAT & POULTRY,,,16.4,,true,PERCENT,0.0,InStock,0.0,,,,,,,,,,,,,,,,,,,,,,,,,,,,,,,,,,,,,
product_5db7d56f-51fc-708a-8b6a-d3483ca6fe66,Product,Fresh Chicken Wing (800g-1kg) [Halal],,9db03f_38210ec034db4b7daf5b82ac60bbdd5c~mv2.jpg,Chicken;MEAT & POULTRY,,,16.2,,true,PERCENT,0.0,InStock,0.0,,,,,,,,,,,,,,,,,,,,,,,,,,,,,,,,,,,,,
product_a9f4d899-05ca-c94a-678c-43155a1132fd,Product,Fresh Chicken Thigh (800g-1kg) [Halal],,9db03f_e65aa79ad02d4f29ad6359c7354e6dfe~mv2.jpg,Chicken;MEAT & POULTRY,,,12.0,,true,PERCENT,0.0,InStock,0.0,,,,,,,,,,,,,,,,,,,,,,,,,,,,,,,,,,,,,
product_383b0e6a-01e2-0619-71f9-2030ccfa575a,Product,Fresh Chicken Chop +/-2kg [Halal],,9db03f_440aeea76b344206b82757bf25a4dc7d~mv2.jpg,Chicken;MEAT & POULTRY,,,36.8,,true,PERCENT,0.0,InStock,0.0,,,,,,,,,,,,,,,,,,,,,,,,,,,,,,,,,,,,,
product_b34a3a0a-f835-f157-a008-ae211f861bc0,Product,Fresh Kampung Chicken (1.5-1.8kg) [Halal],,9db03f_a1aa3b6d1c624a2c83577e4eeebebd6a~mv2.jpg,Chicken;MEAT & POULTRY,,,39.0,,true,PERCENT,0.0,InStock,0.0,,,,,,,,,,,,,,,,,,,,,,,,,,,,,,,,,,,,,
product_161f8453-364e-f5b7-12d9-8ec9f7994490,Product,Fresh Chicken Fillet (800g-1kg) [Halal],,9db03f_01b1d63f49af4f93b624b9d87f8f1647~mv2.jpg,Chicken;MEAT & POULTRY,,,15.3,,true,PERCENT,0.0,InStock,0.0,,,,,,,,,,,,,,,,,,,,,,,,,,,,,,,,,,,,,
product_f6ed81cd-6dbd-334d-40df-4357759db6e5,Product,Fresh Chicken Whole Leg (800g-1kg) [Halal],,9db03f_1ff28a680ff04f73ad4272eba2dbb1f8~mv2.jpg,Chicken;MEAT & POULTRY,,,15.0,,true,PERCENT,0.0,InStock,0.0,,,,,,,,,,,,,,,,,,,,,,,,,,,,,,,,,,,,,
product_c293eb2b-f45e-057d-83f4-ac05997afe36,Product,Whole Chicken – No Head and Feet (1.5-1.7kg) [Halal],,9db03f_187f81986999404c9ca0a349f3028e21~mv2.jpg,Chicken;MEAT & POULTRY,,,18.1,,true,PERCENT,0.0,InStock,0.0,,,,,,,,,,,,,,,,,,,,,,,,,,,,,,,,,,,,,
product_a9f2f7fb-384b-7b8e-23d3-78e44cfecfce,Product,Fresh Chicken Carcass (800g-1kg) [Halal],,9db03f_be28f50934d34938ae8a4b66ebdb0f37~mv2.jpg,Chicken;MEAT & POULTRY,,,3.0,,true,PERCENT,0.0,InStock,0.0,,,,,,,,,,,,,,,,,,,,,,,,,,,,,,,,,,,,,
product_f20fd841-3901-5734-483c-52e32adf54bc,Product,Fresh Chicken Breastmeat (800g-1kg) [Halal],,9db03f_63c2dc9af49d4f76ad9282baa3d6d2c2~mv2.jpg,Chicken;MEAT & POULTRY,,,13.4,,true,PERCENT,0.0,InStock,0.0,,,,,,,,,,,,,,,,,,,,,,,,,,,,,,,,,,,,,
product_a635b489-efd3-98a7-204d-59cecd75ec12,Product,Australian Lamb Leg Boneless,,9db03f_1adb24af85b343f9b48cd8dfdc53cac4~mv2.jpg,Lamb & Mutton;MEAT & POULTRY,,,0.0,,true,PERCENT,0.0,InStock,0.0,,,,,,,,,,,,,,,,,,,,,,,,,,,,,,,,,,,,,
product_c88f48c5-791f-b3f0-7cbe-dc9d116e26f8,Product,Fresh Lamb Shanks,,9db03f_2831d0b9c530451dab8d23ae273d7d2f~mv2.jpg,Lamb & Mutton;MEAT & POULTRY,,,0.0,,true,PERCENT,0.0,InStock,0.0,,,,,,,,,,,,,,,,,,,,,,,,,,,,,,,,,,,,,
product_a5e98feb-d58b-cd24-4fd8-a524eb61ac5c,Product,Lamb Chops,,9db03f_b3c9d3eac0914f8a8e7c12a3862693dc~mv2.jpg,Lamb & Mutton;MEAT & POULTRY,,,0.0,,true,PERCENT,0.0,InStock,0.0,,,,,,,,,,,,,,,,,,,,,,,,,,,,,,,,,,,,,
product_d22aaa73-4bcb-4cd7-4f80-ead62301ecac,Product,Lamb Rack Frenched,,9db03f_40e7b71652ab490f949e6d5c39695205~mv2.jpg,Lamb & Mutton;MEAT & POULTRY,,,0.0,,true,PERCENT,0.0,InStock,0.0,,,,,,,,,,,,,,,,,,,,,,,,,,,,,,,,,,,,,
product_469832fb-8c8e-83eb-b254-3ef3c983cad5,Product,Frozen Leg Australian,,9db03f_3ff896995ec44474a1dba4e36590954b~mv2.jpg,Lamb & Mutton;MEAT & POULTRY,,,0.0,,true,PERCENT,0.0,InStock,0.0,,,,,,,,,,,,,,,,,,,,,,,,,,,,,,,,,,,,,
product_18845fc0-c84e-0702-edd4-520903a2d10e,Product,Mutton Cube,,9db03f_27b4bdf99afe40fb8e8f471a8906988b~mv2.jpg,Lamb & Mutton;MEAT & POULTRY,,,0.0,,true,PERCENT,0.0,InStock,0.0,,,,,,,,,,,,,,,,,,,,,,,,,,,,,,,,,,,,,
product_2451e517-7682-4842-e01a-253735350939,Product,Lamb Leg Boneless,,9db03f_589771a6bf0b457b81ba7bb46a239234~mv2.jpg,Lamb & Mutton;MEAT & POULTRY,,,0.0,,true,PERCENT,0.0,InStock,0.0,,,,,,,,,,,,,,,,,,,,,,,,,,,,,,,,,,,,,
product_fa79ace1-c3fe-86bf-1d72-57b87db39c2a,Product,Mutton Truck 28kg,,9db03f_a2afbff659224f02bb85fd1a79a61f7d~mv2.png,Lamb & Mutton;MEAT & POULTRY,,,0.0,,true,PERCENT,0.0,InStock,0.0,,,,,,,,,,,,,,,,,,,,,,,,,,,,,,,,,,,,,
product_9b72b428-6fa5-3b4f-1282-085bb0bb417b,Product,Lamb/Mutton Carcass,,9db03f_a527502710254b45957f6083caa57ad4~mv2.png,Lamb & Mutton;MEAT & POULTRY,,,0.0,,true,PERCENT,0.0,InStock,0.0,,,,,,,,,,,,,,,,,,,,,,,,,,,,,,,,,,,,,
product_c5a5ebf8-10be-ddcf-931d-c4cf712889b8,Product,Lamb Shoulder,,9db03f_60545704a9484fa5b7b0c217e5fbdf40~mv2.jpeg,Lamb & Mutton;MEAT & POULTRY,,,0.0,,true,PERCENT,0.0,InStock,0.0,,,,,,,,,,,,,,,,,,,,,,,,,,,,,,,,,,,,,
product_7d76e8e6-7d62-c7d1-01c7-2cb9b0b3cb17,Product,Shortibs NZ Cut,,9db03f_2333228a0f3542a5a818b2f0e9800221~mv2.jpg,beef;MEAT & POULTRY,,,0.0,,true,PERCENT,0.0,InStock,0.0,,,,,,,,,,,,,,,,,,,,,,,,,,,,,,,,,,,,,
product_4af953cb-72e1-a3ba-7d6b-348fa0f1df8b,Product,Beef lungs,,9db03f_b952715db9cc4cc3a343093972227e1f~mv2.png,beef;MEAT & POULTRY,,,0.0,,true,PERCENT,0.0,InStock,0.0,,,,,,,,,,,,,,,,,,,,,,,,,,,,,,,,,,,,,
product_67a6b11e-ef14-bdf0-7ece-539b19560faa,Product,Mince Beef,,9db03f_dceec1fdfb694e1798c3d1285dc77522~mv2.jpg,beef;MEAT & POULTRY,,,0.0,,true,PERCENT,0.0,InStock,0.0,,,,,,,,,,,,,,,,,,,,,,,,,,,,,,,,,,,,,
product_face9d8b-d891-67e6-d382-afc0f7c21377,Product,Ox Tail Cut,,9db03f_77407f1d995f46c6b95121c0d00d3a61~mv2.jpg,beef;MEAT & POULTRY,,,0.0,,true,PERCENT,0.0,InStock,0.0,,,,,,,,,,,,,,,,,,,,,,,,,,,,,,,,,,,,,
product_8c4421fc-e3d5-6524-8592-de919111550c,Product,Shank Indian 20kg,,9db03f_c5bebefc48364a93a9cb5dbfcf3bc4af~mv2.jpg,beef;MEAT & POULTRY,,,0.0,,true,PERCENT,0.0,InStock,0.0,,,,,,,,,,,,,,,,,,,,,,,,,,,,,,,,,,,,,
product_0610b8f0-f0dd-263e-1d20-45f2f8e1b4c1,Product,Cooked Tripe 5kg,,9db03f_f30a7dd2550f4b8dac90e85e3dd53910~mv2.jpg,beef;MEAT & POULTRY,,,0.0,,true,PERCENT,0.0,InStock,0.0,,,,,,,,,,,,,,,,,,,,,,,,,,,,,,,,,,,,,
product_97a45cb5-39a8-73f6-2285-dc83caaf9a4a,Product,Beef Topside (800g-1kg) [HALAL],,9db03f_12e0f2db8efe46969ae60ddfd7c19360~mv2.jpg,beef;MEAT & POULTRY,,,24.0,,true,PERCENT,0.0,InStock,0.0,,,,,,,,,,,,,,,,,,,,,,,,,,,,,,,,,,,,,
product_d83bb50a-429c-2097-431a-451c4c685a61,Product,Beef Striploin/Sirloin (800g-1kg) [HALAL],,9db03f_62bf5abb0b074d8f8d2e3bad2bc57375~mv2.jpg,beef;MEAT & POULTRY,,,27.0,,true,PERCENT,0.0,InStock,0.0,,,,,,,,,,,,,,,,,,,,,,,,,,,,,,,,,,,,,
product_28bfd63f-fcd9-205f-1e99-fc6f3762a45a,Product,Beef Tenderloin (800g-1kg) [HALAL],,9db03f_b35f044f7c134af2a96ea8b5b0dd751c~mv2.jpg,beef;MEAT & POULTRY,,,30.0,,true,PERCENT,0.0,InStock,0.0,,,,,,,,,,,,,,,,,,,,,,,,,,,,,,,,,,,,,
product_b882099b-5a01-d1f1-1ee6-08c2c6872fce,Product,Beef Knuckle (800g-1kg) [HALAL],,9db03f_2ecff6a754e54210821007899bc22c94~mv2.jpg,beef;MEAT & POULTRY,,,24.0,,true,PERCENT,0.0,InStock,0.0,,,,,,,,,,,,,,,,,,,,,,,,,,,,,,,,,,,,,
product_0b4e429d-aa32-b50d-12bf-ffd62145ae86,Product,Beef Silverside (800g-1kg) [HALAL],,9db03f_33b15451536549e89b8cf8bf1091ac2c~mv2.jpg,beef;MEAT & POULTRY,,,23.0,,true,PERCENT,0.0,InStock,0.0,,,,,,,,,,,,,,,,,,,,,,,,,,,,,,,,,,,,,
product_19d875f4-a498-4867-6662-d2c15a7ca107,Product,Beef Trimmings (800g-1kg) [HALAL],,9db03f_b18fd531024243f7898cd0784366d313~mv2.jpg,beef;MEAT & POULTRY,,,16.0,,true,PERCENT,0.0,InStock,0.0,,,,,,,,,,,,,,,,,,,,,,,,,,,,,,,,,,,,,
product_82f710dd-0817-9dd0-263e-e07aae633ab0,Product,Beef Brisket (800g-1kg) [HALAL],,9db03f_111a75edac2c40c59644ac902480dbf1~mv2.jpg,beef;MEAT & POULTRY,,,21.2,,true,PERCENT,0.0,InStock,0.0,,,,,,,,,,,,,,,,,,,,,,,,,,,,,,,,,,,,,
product_7663cd96-0cb2-52d4-76ba-cd115c8f46f7,Product,Beef Rump (800g-1kg) [HALAL],"<p>Country of origin: India.</p><p>This is a frozen item.<br>The rump is a boneless five-muscled primal that sits between the sirloin and topside. Rump steak is made up of four of these muscles with differing tenderness. It is a very full-flavoured piece of meat that is excellent and versatile when roasted, braised or casseroled, stir fried or pan fried. As it is taken from a working muscle, rump steaks, or the whole rump joint may be a little tough, but they are full of flavour.</p><p>Slice thinly, and you will turn it into what is known as Minute Steaks, which is very good for cooking on the barbeque.</p><p>Please allow 7% to 10% weight fluctuation due to cutting, trimming and packaging.</p><p>All images are for illustration purposes only. Actual product may vary due to product packaging and presentation.</p>",9db03f_b88e8be773e94a19a14fa0c37646a283~mv2.jpg,beef;MEAT & POULTRY,,,23.0,,true,PERCENT,0.0,InStock,0.0,,,,,,,,,,,,,,,,,,,,,,,,,,,,,,,,,,,,,
product_8058dec2-4032-4a06-2f61-2d09bbe2ef3c,Product,Beef Blade (800g-1kg) [HALAL],,9db03f_940766905ffe422bbf40a733f1645369~mv2.jpg,beef;MEAT & POULTRY,,,21.0,,true,PERCENT,0.0,InStock,0.0,,,,,,,,,,,,,,,,,,,,,,,,,,,,,,,,,,,,,
product_de9d3361-65f4-56c1-d3a7-4014e5453d33,Product,Beef Neck Bone (800g-1kg) [HALAL],"<p>Country of origin: India.</p><p>This is a frozen item.</p><p>The neck bone is just as tender though somewhat less fatty than oxtail. Due to the tendons and bones found in the neck, it can be a rather tough cut if cooked quickly, but if braised or stewed low and slow, the meat around the bone will become tender.</p><p>Please allow 7% to 10% weight fluctuation due to cutting, trimming and packaging.</p><p>All images are for illustration purposes only. Actual product may vary due to product packaging and presentation.</p>",9db03f_289315fa468249b9a810b75efe58a545~mv2.jpg,beef;MEAT & POULTRY,,,25.4,,true,PERCENT,0.0,InStock,0.0,,,,,,,,,,,,,,,,,,,,,,,,,,,,,,,,,,,,,
product_8fc1816e-064d-cb9c-02b7-cd9944789bc4,Product,NZ Black Mussels / NZ 黑蚝 (1 packet),,9db03f_124a0d26a5fa4be496af3006647cc0ff~mv2.jpg,SEAFOOD;Shell,,,11.7,,true,PERCENT,0.0,InStock,0.0,,,,,,,,,,,,,,,,,,,,,,,,,,,,,,,,,,,,,
product_450001b6-9524-02da-7965-4ca7e045ceb1,Product,Mussel Meat / 冷冻青口肉 (500g),,9db03f_ffa99a68be314d4e8431dd8916c97d81~mv2.jpg,SEAFOOD;Shell,,,26.0,,true,PERCENT,0.0,InStock,0.0,,,,,,,,,,,,,,,,,,,,,,,,,,,,,,,,,,,,,
product_802cd5a7-c12a-5441-4548-fc4703ca9256,Product,Half Shell Scallop / 半边壳带子 (1kg),,9db03f_57f318d4e7fe4466a377da2317697b02~mv2.jpg,SEAFOOD;Shell,,,26.0,,true,PERCENT,0.0,InStock,0.0,,,,,,,,,,,,,,,,,,,,,,,,,,,,,,,,,,,,,
product_03ea56a9-07ef-07e6-991c-0ea0a98dd0e7,Product,Cockle Meat / 蛤蜊肉 / Isi Kerang (1kg),,9db03f_4f8b189ef5d34060aee620e259ad36aa~mv2.jpg;9db03f_003ee266ade143ba9bfb5933eb879e75~mv2.jpg,SEAFOOD;Shell,,,14.0,,true,PERCENT,0.0,InStock,0.0,,,,,,,,,,,,,,,,,,,,,,,,,,,,,,,,,,,,,
product_3a40707e-a307-7f28-69be-8477e3ea9cbf,Product,Frozen Cooked White Clam Whole Shell ( Hamaguri ) 冷凍熟白蛤 (1kg),,9db03f_0ac7e59d5c96494dbd72d018ef5c4722~mv2.jpg,SEAFOOD;Shell,,,23.0,,true,PERCENT,0.0,InStock,0.0,,,,,,,,,,,,,,,,,,,,,,,,,,,,,,,,,,,,,
product_6dd545fb-83ae-6bee-6645-14fa2406668a,Product,Dried Oyster / 蚝干 (200g),,9db03f_77845f6b4b5a4809ae9a8d0cb07e5a78~mv2.jpg,SEAFOOD;Shell,,,26.0,,true,PERCENT,0.0,InStock,0.0,,,,,,,,,,,,,,,,,,,,,,,,,,,,,,,,,,,,,
product_52b398bc-9acc-7597-75ec-83cd15525fb4,Product,Grade A USA Scallop / 美国带子 (500g),,9db03f_2d8bfcff08ac40ecbb8cdb77b9f9ce0a~mv2.jpg,SEAFOOD;Shell,,,48.0,,true,PERCENT,0.0,InStock,0.0,,,,,,,,,,,,,,,,,,,,,,,,,,,,,,,,,,,,,
product_7f902bd1-ccb8-cca7-2e9f-e481df64b50b,Product,Pink Half Shell Scallop / 粉壳半壳带子 (500g),,9db03f_a333eb133d88481bb143baf13b13ba6d~mv2.jpg,SEAFOOD;Shell,,,16.0,,true,PERCENT,0.0,InStock,0.0,,,,,,,,,,,,,,,,,,,,,,,,,,,,,,,,,,,,,
product_89833d98-f3c5-387b-97a0-45feceb489bd,Product,Sanma Fish,,9db03f_56f36b1faf89495da2d5ac9da5e2b1fd~mv2.jpg,,,,0.0,,true,PERCENT,0.0,InStock,0.0,,,,,,,,,,,,,,,,,,,,,,,,,,,,,,,,,,,,,
product_e9607c6d-3e4b-ba9b-ffbe-9942d9884776,Product,Saba Fish,,9db03f_6a702b7253e942fb93d2c732eb40a318~mv2.jpg,Fish;SEAFOOD,,,0.0,,true,PERCENT,0.0,InStock,0.0,,,,,,,,,,,,,,,,,,,,,,,,,,,,,,,,,,,,,
product_11cb71a9-0ab0-ede7-edc3-407edebf607d,Product,Shishamo (1 packet),,9db03f_cd5360aa59d04f308fda20c01e244585~mv2.png,Fish;SEAFOOD,,,10.0,,true,PERCENT,0.0,InStock,0.0,,,,,,,,,,,,,,,,,,,,,,,,,,,,,,,,,,,,,
product_a2e16971-72e1-cf73-3ea1-74f4cd4b509e,Product,Grab Meat,,9db03f_f6c9eec80fcf4244b3bcdd5f8617bff6~mv2.jpg,Grab;SEAFOOD,,,0.0,,true,PERCENT,0.0,InStock,0.0,,,,,,,,,,,,,,,,,,,,,,,,,,,,,,,,,,,,,
product_8d5c3085-9d35-d54c-7a4b-053a33db2d75,Product,Flower Grab,,9db03f_53162c334563411da2aff36ba02fec9f~mv2.jpg,Grab;SEAFOOD,,,0.0,,true,PERCENT,0.0,InStock,0.0,,,,,,,,,,,,,,,,,,,,,,,,,,,,,,,,,,,,,
product_58e89fbe-5a3d-46b3-4c8e-3b8c61d24df6,Product,Stone Crab Live,,9db03f_1e23f4aed4974c0b9cc807822bcf5503~mv2.jpg,Grab;SEAFOOD,,,0.0,,true,PERCENT,0.0,InStock,0.0,,,,,,,,,,,,,,,,,,,,,,,,,,,,,,,,,,,,,
product_eae03a0c-784a-3d1d-267a-fb0335ca884b,Product,Whole Squid,,9db03f_bbc43bb0c6e54437a7d3096ef867f2b8~mv2.jpg,Prawn;SEAFOOD;Squid,,,0.0,,true,PERCENT,0.0,InStock,0.0,,,,,,,,,,,,,,,,,,,,,,,,,,,,,,,,,,,,,
product_122e07ac-0b55-0db1-10eb-5afd9f9223f0,Product,Boiled Giant Octopus / Ni Tako / (Halal) 冷凍真蛸 (1pc),,9db03f_6949eb5ef01f4fe29f9dcec2b88ee828~mv2.jpg,Prawn;SEAFOOD;Squid,,,115.0,,true,PERCENT,0.0,InStock,0.0,,,,,,,,,,,,,,,,,,,,,,,,,,,,,,,,,,,,,
product_6f0c45a8-f1b0-7a7d-51e3-f2b99a467cfb,Product,Soft Shell Crab 软壳蟹 (1kg),,9db03f_b83c31cd2dd8435a8808701c1ef784af~mv2.jpg,Grab;SEAFOOD,,,58.0,,true,PERCENT,0.0,InStock,0.0,,,,,,,,,,,,,,,,,,,,,,,,,,,,,,,,,,,,,
product_584d3baa-92b1-4b43-6d84-4c90a8e3f243,Product,King Crab / 帝王蟹 (1 pc),,9db03f_7fa8fafd807c44cbaf3ae9430ba6b067~mv2.jpg,Grab;SEAFOOD,,,190.0,,true,PERCENT,0.0,InStock,0.0,,,,,,,,,,,,,,,,,,,,,,,,,,,,,,,,,,,,,
product_b1ceb765-68fa-0d70-8fa4-2bab42303f81,Product,Squid Ring / 苏东圈 (1kg),,9db03f_b8801a52e05d491bbc5d33d1bd663cba~mv2.jpg,Prawn;SEAFOOD;Squid,,,9.1,,true,PERCENT,0.0,InStock,0.0,,,,,,,,,,,,,,,,,,,,,,,,,,,,,,,,,,,,,
product_defd6795-7c39-57b6-f96a-5b6a8fc050a7,Product,Wild Chilean sea bass,,9db03f_fd200a2567a340f0a8855be6051af134~mv2.jpeg,Fillet Fish;Fish;SEAFOOD,,,0.0,,true,PERCENT,0.0,InStock,0.0,,,,,,,,,,,,,,,,,,,,,,,,,,,,,,,,,,,,,
product_8627d3e5-30a5-6466-b03b-d6bbd5067940,Product,Squid whole clean,,9db03f_e5ea63a3ae2541c6b760f483583dd22f~mv2.jpg,Prawn;SEAFOOD;Squid,,,0.0,,true,PERCENT,0.0,InStock,0.0,,,,,,,,,,,,,,,,,,,,,,,,,,,,,,,,,,,,,
product_74ae76e4-7c94-a750-70aa-4866492a3f14,Product,CuttleFish 1kg,,9db03f_da3e0c52778e4088beca6da398c0722a~mv2.jpg,Prawn;SEAFOOD;Squid,,,0.0,,true,PERCENT,0.0,InStock,0.0,,,,,,,,,,,,,,,,,,,,,,,,,,,,,,,,,,,,,
product_a83d7972-6ff7-f282-2e1b-1f5c5492233b,Product,Baby cuttlefish,,9db03f_7ed4824dc46640baa0f69adb6690796e~mv2.jpg,Prawn;SEAFOOD;Squid,,,0.0,,true,PERCENT,0.0,InStock,0.0,,,,,,,,,,,,,,,,,,,,,,,,,,,,,,,,,,,,,
product_972a723c-a0ff-6fb1-d016-15b69742eebf,Product,Unagi Kabayaki (1 pc),,9db03f_bd50029d32ed406db72417e3b5977965~mv2.jpg,Fish;SEAFOOD,,,22.1,,true,PERCENT,0.0,InStock,0.0,,,,,,,,,,,,,,,,,,,,,,,,,,,,,,,,,,,,,
product_fef7c0a8-596a-986f-d887-ea82edc5df5d,Product,Grouper / 石班 / Kerapu – Whole Fish (+/- 1.1kg),,9db03f_dc4541bc2c1641019ffd4f5aa7b9d6a8~mv2.jpg,Fish;SEAFOOD,,,48.0,,true,PERCENT,0.0,InStock,0.0,,,,,,,,,,,,,,,,,,,,,,,,,,,,,,,,,,,,,
product_d1032ee1-1c82-5822-15a0-ff6b54871873,Product,Butter Fish Fillet,,9db03f_3a6e1149ac1a4519b87cb1dd5f97b22b~mv2.jpg,Fillet Fish;Fish;SEAFOOD,,,0.0,,true,PERCENT,0.0,InStock,0.0,,,,,,,,,,,,,,,,,,,,,,,,,,,,,,,,,,,,,
product_0fe10d61-07d5-88a4-cb15-61a4d12ad9c4,Product,Cod Loin,,9db03f_98311e64e76947b2bb69c1540ed20dff~mv2.jpg,Fillet Fish;Fish;SEAFOOD,,,0.0,,true,PERCENT,0.0,InStock,0.0,,,,,,,,,,,,,,,,,,,,,,,,,,,,,,,,,,,,,
product_e9e9ebde-8f7c-5c26-063a-ad907c698c8c,Product,Saba Mackerel Fillet / Fillet Tenggiri Saba / 鲭鱼厚片(2 pcs),,9db03f_e48dc5032fe34fc3993423e04e08a5a3~mv2.jpg,Fish;SEAFOOD,,,9.8,,true,PERCENT,0.0,InStock,0.0,,,,,,,,,,,,,,,,,,,,,,,,,,,,,,,,,,,,,
product_bed972c3-4e64-3225-c88f-27249775b8d3,Product,Redfish Slice / 红鱼片 (1 pc),,9db03f_0524210f9595439a9134223ebb1f2b1b~mv2.jpg,Fish;SEAFOOD,,,12.0,,true,PERCENT,0.0,InStock,0.0,,,,,,,,,,,,,,,,,,,,,,,,,,,,,,,,,,,,,
product_323d35e7-392d-25cc-98ec-67bcbb80d468,Product,Lobster / 龙虾 / Udang Kara (2 pcs) +/- 2kg,,9db03f_611af4f86cf34fc6aa7d0d358f38a94f~mv2.jpg,Prawn;SEAFOOD,,,243.0,,true,PERCENT,0.0,InStock,0.0,,,,,,,,,,,,,,,,,,,,,,,,,,,,,,,,,,,,,
product_be7b62b1-d88a-e9bf-6989-9b5a4a9fde14,Product,Red Coral Grouper Fillet +/-700g,,9db03f_2ad0fe93bf864015a1f7cf3ffe3614cc~mv2.jpg,Fish;SEAFOOD,,,60.0,,true,PERCENT,0.0,InStock,0.0,,,,,,,,,,,,,,,,,,,,,,,,,,,,,,,,,,,,,
product_2a519a21-22f3-b03a-bb85-b7750d6dbbb4,Product,Big Prawn / 大虾 / Udang Besar – 21/25 (1kg),,9db03f_f55c9f84edcc410fa193c9071fee76b9~mv2.jpg,Prawn;SEAFOOD,,,50.0,,true,PERCENT,0.0,InStock,0.0,,,,,,,,,,,,,,,,,,,,,,,,,,,,,,,,,,,,,
product_9f8d9c7b-ee4f-69a0-593c-c6d7aa76ca3c,Product,Flounder Fillet / 无骨鲽鱼 +/-1kg,,9db03f_98d746cf55fe4d458367c7fcdd8965cd~mv2.jpg,Fillet Fish;Fish;SEAFOOD,,,30.0,,true,PERCENT,0.0,InStock,0.0,,,,,,,,,,,,,,,,,,,,,,,,,,,,,,,,,,,,,
product_7ca2a0fd-8454-a0e8-d86b-1431c9222eca,Product,Grouper Fillet / 石斑鱼片 (1kg),,9db03f_7041bd48e82a4e96844ed36fd387df53~mv2.jpg,Fillet Fish;Fish;SEAFOOD,,,56.0,,true,PERCENT,0.0,InStock,0.0,,,,,,,,,,,,,,,,,,,,,,,,,,,,,,,,,,,,,
product_8858e034-b5ae-a576-3f6d-4c3486412c8b,Product,Big Prawn / 大虾 / Udang Besar – 31/35 (1kg),,9db03f_accf75770c924e47add0363b6579c995~mv2.jpg,Prawn;SEAFOOD,,,39.0,,true,PERCENT,0.0,InStock,0.0,,,,,,,,,,,,,,,,,,,,,,,,,,,,,,,,,,,,,
product_4f648c6a-82b5-d52c-9488-3d819e8776c8,Product,Big Prawn / 大虾 / Udang Besar – 21/30 (1kg),,9db03f_aa5b4f44945a4ee58b8c9b6295885cb1~mv2.jpg,Prawn;SEAFOOD,,,43.0,,true,PERCENT,0.0,InStock,0.0,,,,,,,,,,,,,,,,,,,,,,,,,,,,,,,,,,,,,
product_ad6b3ae0-cc46-62f6-54c9-1130f997ec08,Product,Mantis Shrimp Meat / 虾姑肉 (300g),,9db03f_c422169680e54865abaed17f5c81337b~mv2.jpg,Prawn;SEAFOOD,,,10.0,,true,PERCENT,0.0,InStock,0.0,,,,,,,,,,,,,,,,,,,,,,,,,,,,,,,,,,,,,
product_759a5082-787f-dacc-0187-047edf6d7ed4,Product,Big Prawn / 大虾 / Udang Besar – 41/50 (1kg),,9db03f_82c5506041ce4685b03763dad4b2ae24~mv2.jpg,Prawn;SEAFOOD,,,35.0,,true,PERCENT,0.0,InStock,0.0,,,,,,,,,,,,,,,,,,,,,,,,,,,,,,,,,,,,,
product_22122586-2517-c7a8-226a-cff83b4b73af,Product,Baby Octopus (300g),,9db03f_474157587256426799ae461b8c7d52f5~mv2.jpg,SEAFOOD;Squid,,,12.0,,true,PERCENT,0.0,InStock,0.0,,,,,,,,,,,,,,,,,,,,,,,,,,,,,,,,,,,,,
product_cd6a179b-4875-ca23-9eae-12e0d3cb3f61,Product,Norwegian Salmon Head 冷冻三文鱼头 (1 pc),,9db03f_a820549fb8d04cf49434d48d2d2c5b76~mv2.jpg,SEAFOOD,,,8.0,,true,PERCENT,0.0,InStock,0.0,,,,,,,,,,,,,,,,,,,,,,,,,,,,,,,,,,,,,
product_dced8d57-7b08-237f-d3ef-ad720e0f0e4e,Product,Dory Fish / 时多利鱼肉片 (900-1kg),,9db03f_a2a33ae2d57848cdbd7b2c9f96cbe92c~mv2.jpg,Fillet Fish;Fish;SEAFOOD,,,13.2,,true,PERCENT,0.0,InStock,0.0,,,,,,,,,,,,,,,,,,,,,,,,,,,,,,,,,,,,,
product_45d8769b-ae2c-7677-2575-504ce6a13cf8,Product,Tilapia Fish Fillet / 非洲鱼片 (2 pcs) +/-380g,,9db03f_90d0658790d3470fbde959289a0018c2~mv2.jpg,Fillet Fish;Fish;SEAFOOD,,,10.0,,true,PERCENT,0.0,InStock,0.0,,,,,,,,,,,,,,,,,,,,,,,,,,,,,,,,,,,,,
product_a1177497-01fb-07e1-4fec-37f29a0a5332,Product,Dried Shrimps 200G / 虾米 / Udang Kering (200g),,9db03f_1be3e2d87944423190729fd86d7597a6~mv2.jpg,Fish;Prawn;SEAFOOD,,,13.0,,true,PERCENT,0.0,InStock,0.0,,,,,,,,,,,,,,,,,,,,,,,,,,,,,,,,,,,,,
product_670f8a1f-7ed2-5baf-2568-84c74aa37ae1,Product,Local Ming Prawn 本地明虾 (400-500g),,9db03f_d051c1ccc56a48f1adfd8a559132c060~mv2.jpg,Prawn;SEAFOOD,,,30.0,,true,PERCENT,0.0,InStock,0.0,,,,,,,,,,,,,,,,,,,,,,,,,,,,,,,,,,,,,
product_4a8b79d3-eca6-7c0a-f4d4-fefca338f1a6,Product,Perch fillet / 宝石鲈鱼片 (2 pcs) +/-700,,9db03f_3ccac7665fc34d83b55bde35f21896ac~mv2.jpg,Fillet Fish;Fish;SEAFOOD,,,14.0,,true,PERCENT,0.0,InStock,0.0,,,,,,,,,,,,,,,,,,,,,,,,,,,,,,,,,,,,,
product_d6b142de-d66c-ae7e-1365-8a23cbfca9c0,Product,Chilean Atlantic Salmon Fillet / 智利三文鱼 (2 or 4 pcs),,9db03f_aba946d4947c4a279f7cb2cfb71e974e~mv2.jpg,Fillet Fish;Fish;SEAFOOD,,,26.7,,true,PERCENT,0.0,InStock,0.0,,,,,,,,,,,,,,,,,,,,,,,,,,,,,,,,,,,,,
product_7e2ff668-8ef9-48b4-1e7f-b686f9f3a3e3,Product,Washed W.Chestnut/Water Chestnut,,9db03f_5e962484bed6445cba0d8f9bd7897c62~mv2.png,FRUIT;VEGETABLES,,,0.0,,true,PERCENT,0.0,InStock,0.0,Type,DROP_DOWN,Washed Water Chestnut(500g*20p);Water Chestnut(10kg),,,,,,,,,,,,,,,,,,,,,,,,,,,,,,,,,,
product_7e2ff668-8ef9-48b4-1e7f-b686f9f3a3e3,Variant,,,,,,,,0.0,true,,,InStock,,,,Washed Water Chestnut(500g*20p),,,,,,,,,,,,,,,,,,,,,,,,,,,,,,,,,,
product_7e2ff668-8ef9-48b4-1e7f-b686f9f3a3e3,Variant,,,,,,,,85.0,true,,,InStock,,,,Water Chestnut(10kg),,,,,,,,,,,,,,,,,,,,,,,,,,,,,,,,,,
product_5b6c83d0-ed30-4bff-7f22-6369dd91aead,Product,Chestnut(40-60)/10kg,,9db03f_4b5851e89e0e46af8e6d843a57265c14~mv2.jpg,FRUIT;VEGETABLES,,,95.0,,true,PERCENT,0.0,InStock,0.0,,,,,,,,,,,,,,,,,,,,,,,,,,,,,,,,,,,,,
product_719dafc5-ec4a-2a98-72d2-4e1d3a2444f7,Product,Cavendish Banana / Pisang Montel (1kg),,9db03f_db7d7e8a4311473ca769832f9fb3df92~mv2.jpg,FRUIT,,,6.5,,true,PERCENT,0.0,InStock,0.0,,,,,,,,,,,,,,,,,,,,,,,,,,,,,,,,,,,,,
product_79e9719c-0fff-96f7-81a7-056ee229b58b,Product,Berangan Banana (1kg),,9db03f_ec6530aaa2d046aba174ad0430b67ef9~mv2.jpg,FRUIT,,,7.8,,true,PERCENT,0.0,InStock,0.0,,,,,,,,,,,,,,,,,,,,,,,,,,,,,,,,,,,,,
product_5d191390-5c45-79be-69b2-b26bcc3839b1,Product,Navel Orange/CHINA/113p,,9db03f_70f73f1c393741acb7a650004aefb25e~mv2.jpg,FRUIT,,,55.0,,true,PERCENT,0.0,InStock,0.0,,,,,,,,,,,,,,,,,,,,,,,,,,,,,,,,,,,,,
product_97502feb-4f86-1754-4837-78871a75edbb,Product,Mango (1 pc),,9db03f_1d93cb8de4fa4e15a85cf935e7d9c7f2~mv2.jpg,FRUIT,,,4.0,,true,PERCENT,0.0,InStock,0.0,,,,,,,,,,,,,,,,,,,,,,,,,,,,,,,,,,,,,
product_f9daa17b-e9e7-f5fd-fb8f-9700bebb6ad1,Product,Avocado (AUS)/9kg,,9db03f_a01a215f1248425195403f47f5e83607~mv2.jpg,FRUIT,,,60.0,,true,PERCENT,0.0,InStock,0.0,,,,,,,,,,,,,,,,,,,,,,,,,,,,,,,,,,,,,
product_9eca0015-4d26-c4a8-593b-b9f58c69de2f,Product,China Golden Pear (30p),,9db03f_10c4e58846894ae2905fa0d300726945~mv2.jpg,FRUIT,,,90.0,,true,PERCENT,0.0,InStock,0.0,,,,,,,,,,,,,,,,,,,,,,,,,,,,,,,,,,,,,
product_bd0e328d-c0cd-3ba6-db6e-5dd0a6e361a4,Product,Mix Berries (500g),,9db03f_36623be10494443abd1a6f2444138eae~mv2.jpg,FRUIT,,,11.7,,true,PERCENT,0.0,InStock,0.0,,,,,,,,,,,,,,,,,,,,,,,,,,,,,,,,,,,,,
product_1982ebce-fb6b-2b01-8421-857194365aff,Product,Local Honeydew (1 pc),,9db03f_039468a6f22344939124a1464aefabfa~mv2.jpg,FRUIT,,,20.0,,true,PERCENT,0.0,InStock,0.0,,,,,,,,,,,,,,,,,,,,,,,,,,,,,,,,,,,,,
product_2d2a63ed-7e3f-628c-096f-9e40bd98ebc7,Product,MD2 Pineapple (1 pc),,9db03f_952dfe4da1da410e9f11d9ab00c8233b~mv2.jpg,FRUIT,,,12.0,,true,PERCENT,0.0,InStock,0.0,,,,,,,,,,,,,,,,,,,,,,,,,,,,,,,,,,,,,
product_9f047430-f59c-0624-0fb7-ee9a418d73ba,Product,Local Watermelon (1 pc),,9db03f_674ca6cf34a84e16a78aa7dd55dbd26e~mv2.jpeg,FRUIT,,,20.0,,true,PERCENT,0.0,InStock,0.0,,,,,,,,,,,,,,,,,,,,,,,,,,,,,,,,,,,,,
product_750cde29-0c91-b5de-cc0f-c65cd46b767a,Product,Crimson Seedless Grape (4.5kg),,9db03f_eebcc9ff8fc24d8b92723b3ecc045388~mv2.jpg,FRUIT,,,70.0,,true,PERCENT,0.0,InStock,0.0,,,,,,,,,,,,,,,,,,,,,,,,,,,,,,,,,,,,,
product_35b7fe0b-9144-f4ad-3da6-cd827516c12a,Product,Grapefruit (1 pc),,9db03f_e35f1b6facee4afc86d930d2f36b81c8~mv2.jpg,FRUIT,,,3.2,,true,PERCENT,0.0,InStock,0.0,,,,,,,,,,,,,,,,,,,,,,,,,,,,,,,,,,,,,
product_ca219041-b1a7-2d7d-6d57-067b287a7c8d,Product,Green Apple,,9db03f_a47b2a381b8047e493fc1906a9a6f99f~mv2.jpg,FRUIT,,,0.0,,true,PERCENT,0.0,InStock,0.0,Type,DROP_DOWN,TUR(198);TUR(138);SA(150),,,,,,,,,,,,,,,,,,,,,,,,,,,,,,,,,,
product_ca219041-b1a7-2d7d-6d57-067b287a7c8d,Variant,,,,,,,,100.0,true,,,InStock,,,,TUR(198),,,,,,,,,,,,,,,,,,,,,,,,,,,,,,,,,,
product_ca219041-b1a7-2d7d-6d57-067b287a7c8d,Variant,,,,,,,,110.0,true,,,InStock,,,,TUR(138),,,,,,,,,,,,,,,,,,,,,,,,,,,,,,,,,,
product_ca219041-b1a7-2d7d-6d57-067b287a7c8d,Variant,,,,,,,,100.0,true,,,InStock,,,,SA(150),,,,,,,,,,,,,,,,,,,,,,,,,,,,,,,,,,
product_a4bf37f9-7bc0-63c5-24a3-f2459a12176a,Product,Lime (100g/pack),,9db03f_e0b410a32f99484b948aaae6c77fdddc~mv2.jpeg,FRUIT,,,1.2,,true,PERCENT,0.0,InStock,0.0,,,,,,,,,,,,,,,,,,,,,,,,,,,,,,,,,,,,,
product_562adabc-bbfc-4a6d-a22b-9dbae0aaeae1,Product,Salted Egg (6 pcs),,9db03f_349591c10c7a467fa403c8b908436b7f~mv2.jpg,Egg;MEAT & POULTRY,,,5.4,,true,PERCENT,0.0,InStock,0.0,,,,,,,,,,,,,,,,,,,,,,,,,,,,,,,,,,,,,
product_e617df9b-4883-fd47-ea28-27d706db8500,Product,Eggs (Grade A) (30pcs/tray),,9db03f_b1a87c87c1424754af559f015866f305~mv2.jpeg,Egg;MEAT & POULTRY,,,15.5,,true,PERCENT,0.0,InStock,0.0,,,,,,,,,,,,,,,,,,,,,,,,,,,,,,,,,,,,,
product_724445b6-2d77-4327-383c-27e53de7a53e,Product,Omega Egg (10 pcs/tray),,9db03f_9c3dc249b520434b9d43e58d5f9b4b57~mv2.png,Egg;MEAT & POULTRY,,,5.75,,true,PERCENT,0.0,InStock,0.0,,,,,,,,,,,,,,,,,,,,,,,,,,,,,,,,,,,,,
product_3509d97f-e00b-60c5-20c8-45a8eb6999ce,Product,Kampung Eggs (30pcs/tray),,9db03f_f58f3667a06d4f8ea5fd7f17b32392dc~mv2.jpg,Egg;MEAT & POULTRY,,,18.0,,true,PERCENT,0.0,InStock,0.0,,,,,,,,,,,,,,,,,,,,,,,,,,,,,,,,,,,,,
product_d00ff8fb-4a0b-1610-b859-842d7b1d2f95,Product,Duck Egg (5 pcs),,9db03f_c5a99f2658ae489d949b755f10526ba8~mv2.jpg,Egg;MEAT & POULTRY,,,5.0,,true,PERCENT,0.0,InStock,0.0,,,,,,,,,,,,,,,,,,,,,,,,,,,,,,,,,,,,,
product_d04c84e9-579c-66bc-5f77-0a63ae0e0d50,Product,Eggs (Grade C) (30pcs/tray),,9db03f_b1a87c87c1424754af559f015866f305~mv2.jpeg,Egg;MEAT & POULTRY,,,12.6,,true,PERCENT,0.0,InStock,0.0,,,,,,,,,,,,,,,,,,,,,,,,,,,,,,,,,,,,,
product_1fac231d-5dca-cc0c-103d-511780f47884,Product,Eggs (Grade B) (30pcs/tray),,9db03f_65ae600551da4bc78a5eead05b5212f6~mv2.jpeg,Egg;MEAT & POULTRY,,,14.5,,true,PERCENT,0.0,InStock,0.0,,,,,,,,,,,,,,,,,,,,,,,,,,,,,,,,,,,,,
product_02fdcf9f-b1e5-c8e2-f19a-ac3113bf05d6,Product,Century Egg / Pidan (5 pcs),,9db03f_6ddc296ce6a04012ad436329acf26f01~mv2.jpg,Egg;MEAT & POULTRY,,,6.0,,true,PERCENT,0.0,InStock,0.0,,,,,,,,,,,,,,,,,,,,,,,,,,,,,,,,,,,,,
product_76669daf-bac1-fc72-8343-fd1b692c1ac6,Product,Omega Egg (3×10 pcs),,9db03f_3a21bdbb1c264ebe81a58fc1b19f6104~mv2.jpg,Egg;MEAT & POULTRY,,,16.5,,true,PERCENT,0.0,InStock,0.0,,,,,,,,,,,,,,,,,,,,,,,,,,,,,,,,,,,,,
product_68d553b5-51a9-9072-4a3a-31e9a40ad766,Product,Ma Cao Eggs 马草蛋 (Grade A) (30pcs/tray),,9db03f_686d08722c71470685df8cbea968a3c1~mv2.jpg,Egg;MEAT & POULTRY,,,23.0,,true,PERCENT,0.0,InStock,0.0,,,,,,,,,,,,,,,,,,,,,,,,,,,,,,,,,,,,,
product_cdf55152-0406-87ef-9f50-12c7a58bc47f,Product,Ma Cao Eggs / 马草蛋 (Grade A) (10pcs),,9db03f_32594605429143e0bf2a426dcacb347e~mv2.jpg,Egg;MEAT & POULTRY,,,8.5,,true,PERCENT,0.0,InStock,0.0,,,,,,,,,,,,,,,,,,,,,,,,,,,,,,,,,,,,,
product_ade94f41-c44f-877d-fad9-0ccef5e2b8c9,Product,Daun Sup / Leaf Celery (100g/pack),,9db03f_7b6df4f308c745ef80dd99b83ecca3a3~mv2.jpg,Leafy Vegetables;VEGETABLES,,,2.0,,true,PERCENT,0.0,InStock,0.0,,,,,,,,,,,,,,,,,,,,,,,,,,,,,,,,,,,,,
product_0c168185-09a4-cbb8-add6-96fe670a55cc,Product,Labu Air (+/-1kg per pack),,9db03f_6b7bb8e38872477390065041137703d7~mv2.jpg,Fruity Vegetables;VEGETABLES,,,7.7,,true,PERCENT,0.0,InStock,0.0,,,,,,,,,,,,,,,,,,,,,,,,,,,,,,,,,,,,,
product_13b9f923-278b-eb8d-234a-738ae049ce8c,Product,Bunga Kantan / Torch Ginger Flower (3 pcs/bundle),,9db03f_bd8f39c9e1b74879b4510f37cfb6db48~mv2.jpg,VEGETABLES,,,3.9,,true,PERCENT,0.0,InStock,0.0,,,,,,,,,,,,,,,,,,,,,,,,,,,,,,,,,,,,,
product_1c0c02e5-d3d8-5799-3cbe-24b17c0a9be1,Product,Petai (200g/pack),,9db03f_0b3889b72dbc4f4a9edf8ea3bff4165c~mv2.jpg,Vegetable Beans;VEGETABLES,,,12.8,,true,PERCENT,0.0,InStock,0.0,,,,,,,,,,,,,,,,,,,,,,,,,,,,,,,,,,,,,
product_a54f41fa-1cd0-aa5f-95f1-4a228bd6f1e9,Product,Turmeric / Kunyit Hidup (300g/pack),,9db03f_a1100bb9e7b740c3a559e65f56e42674~mv2.jpeg,Potato type Vegetables;VEGETABLES,,,3.5,,true,PERCENT,0.0,InStock,0.0,,,,,,,,,,,,,,,,,,,,,,,,,,,,,,,,,,,,,
product_eea53892-bc7b-3efd-a7c2-129a3b6540a5,Product,Lengkuas / Galangal (300g/pack),,9db03f_2ddbe8b99d064e69ae8c96ef27de3128~mv2.jpeg,Potato type Vegetables;VEGETABLES,,,3.5,,true,PERCENT,0.0,InStock,0.0,,,,,,,,,,,,,,,,,,,,,,,,,,,,,,,,,,,,,
product_e540f540-79c5-da7d-55c3-468aa11ba9ed,Product,"Lime Leaves, Daun Limau (10 pcs/pack)",,9db03f_2b72781a2ab445d39c2485154bf51f3c~mv2.jpeg,Leafy Vegetables;VEGETABLES,,,1.0,,true,PERCENT,0.0,InStock,0.0,,,,,,,,,,,,,,,,,,,,,,,,,,,,,,,,,,,,,
product_ac56ceae-9b97-9c9f-4427-eca22d298a19,Product,Holland Pea / Snow Pea /130g*30p,,9db03f_bcbbadabdb46416cb434ad3a7e3c50c0~mv2.jpg,Vegetable Beans;VEGETABLES,,,55.0,,true,PERCENT,0.0,InStock,0.0,,,,,,,,,,,,,,,,,,,,,,,,,,,,,,,,,,,,,
product_f246488b-7609-0820-1976-f8167ce0cef8,Product,Green Chilli Padi/Cili Padi Hijau (100g/pack),,9db03f_b8341cad4df441d9b03e1e2b6273509b~mv2.jpeg,Fruity Vegetables;VEGETABLES,,,1.8,,true,PERCENT,0.0,InStock,0.0,,,,,,,,,,,,,,,,,,,,,,,,,,,,,,,,,,,,,
product_dd435022-58af-e0bd-c4ba-02ba173712ca,Product,Mini Yam ( 7kg ),,9db03f_d3a02c1a65f74277b2bf387331ef4490~mv2.jpg,Potato type Vegetables;VEGETABLES,,,28.0,,true,PERCENT,0.0,InStock,0.0,,,,,,,,,,,,,,,,,,,,,,,,,,,,,,,,,,,,,
product_848d8caa-107b-bed6-ef25-961a6d4afab1,Product,Mint Leaves/Daun Pudina (100g/pack),,9db03f_62765bd3d06c40f39df927aaf1b5476e~mv2.jpg,Leafy Vegetables;VEGETABLES,,,1.5,,true,PERCENT,0.0,InStock,0.0,,,,,,,,,,,,,,,,,,,,,,,,,,,,,,,,,,,,,
product_2393c8c8-17aa-4611-d2b8-498f24f5e9cf,Product,"Curry Leaves, Daun Kari (50g/pack)",,9db03f_24893e9643e542a0997aa51a3f029127~mv2.jpeg,Leafy Vegetables;VEGETABLES,,,1.5,,true,PERCENT,0.0,InStock,0.0,,,,,,,,,,,,,,,,,,,,,,,,,,,,,,,,,,,,,
product_c5f8fe77-9166-83c9-699d-6a6d6d2163c0,Product,Chat Potato (15kg),,9db03f_151bcd52338f4a8d91d96fc7135be01d~mv2.jpg,Potato type Vegetables;VEGETABLES,,,0.0,,true,PERCENT,0.0,InStock,0.0,,,,,,,,,,,,,,,,,,,,,,,,,,,,,,,,,,,,,
product_91da4d25-4696-a85a-eeae-2e5e4bbc32fb,Product,Honey Sweet Potato / 蜜糖番薯 +/-500g,,9db03f_4ac5737bd915464d8305b79db9ad839e~mv2.jpg,Potato type Vegetables;VEGETABLES,,,5.5,,true,PERCENT,0.0,InStock,0.0,,,,,,,,,,,,,,,,,,,,,,,,,,,,,,,,,,,,,
product_474493f8-45d4-9339-3ad6-f054ff691169,Product,(Organic) Tomato / 番茄 +/-300g,,9db03f_926e5726c9834c51b0f2d867a39c8aeb~mv2.jpg,Fruity Vegetables;VEGETABLES,,,5.5,,true,PERCENT,0.0,InStock,0.0,,,,,,,,,,,,,,,,,,,,,,,,,,,,,,,,,,,,,
product_aeac3a32-cd40-e154-bd10-05c3a93adbd0,Product,Sengkuang,,9db03f_b378ac56e3d74933a8d191618aeeb385~mv2.png,VEGETABLES,,,4.5,,true,PERCENT,0.0,InStock,0.0,,,,,,,,,,,,,,,,,,,,,,,,,,,,,,,,,,,,,
product_10099743-9526-28e6-a927-6cde7cabcddc,Product,Green Pepper (1 pc),,9db03f_7965f914e7fe4d1fa40723192ee8997a~mv2.jpg,Fruity Vegetables;VEGETABLES,,,5.4,,true,PERCENT,0.0,InStock,0.0,,,,,,,,,,,,,,,,,,,,,,,,,,,,,,,,,,,,,
product_b9deb859-ee62-30b7-afd3-379f18be971d,Product,Local Sweet Potato (Purple/Yellow) - 500g*10p,,9db03f_10cb093355b74e9dada1ff86c030a357~mv2.jpg;9db03f_1f36992e7e1a455facd984c6f74e7afd~mv2.jpg,Potato type Vegetables;VEGETABLES,,,6.5,,true,PERCENT,0.0,InStock,0.0,Color,COLOR,"#800080:Purple;#F1C827:yellow",,,,,,,,,,,,,,,,,,,,,,,,,,,,,,,,,,
product_aa2ea3f7-cccf-434e-a986-4e247de434a3,Product,Petola (500g+/-pack),,9db03f_bf7c04852b664259af3eda46b7293f24~mv2.jpeg,Fruity Vegetables;VEGETABLES,,,5.1,,true,PERCENT,0.0,InStock,0.0,,,,,,,,,,,,,,,,,,,,,,,,,,,,,,,,,,,,,
product_cf7e79fc-e6d6-fb94-636f-e95ed599b691,Product,Yellow Pepper (1 pc),,9db03f_0e4569d565734b10ace62de9ac6b1f9c~mv2.jpg,VEGETABLES,,,5.4,,true,PERCENT,0.0,InStock,0.0,,,,,,,,,,,,,,,,,,,,,,,,,,,,,,,,,,,,,
product_a44d17a7-3675-c58d-a836-92f014b7cf55,Product,Small Bittergourd (250g/pack),,9db03f_da6164a8aa78400fb4ce3d44b11f2ea0~mv2.jpg,Fruity Vegetables;VEGETABLES,,,2.9,,true,PERCENT,0.0,InStock,0.0,,,,,,,,,,,,,,,,,,,,,,,,,,,,,,,,,,,,,
product_cc81e39a-9aa7-3500-90fd-bdff6bf1517a,Product,Beetroot (500g/pack),,9db03f_d1d4155432d44caf97fac30c589ecc23~mv2.jpg,Potato type Vegetables;VEGETABLES,,,4.0,,true,PERCENT,0.0,InStock,0.0,,,,,,,,,,,,,,,,,,,,,,,,,,,,,,,,,,,,,
product_ec8a162f-56b3-30f4-b7c2-6da99fbfbe27,Product,Sweet Potato (Japanese) / 日本番薯 +/-500g,<p>Japanese sweet potatoes have a deep pinkish purple skin and whitish flesh that turns golden when baked. It is sweeter than normal sweet potato. Best steamed or baked whole with skin on and served piping hot. They do not require any seasoning and are deliciously sweet and fibreless.</p>,9db03f_e766e0fbd595467788abb0e01c70161d~mv2.jpg,Potato type Vegetables;VEGETABLES,,,5.5,,true,PERCENT,0.0,InStock,0.0,,,,,,,,,,,,,,,,,,,Storage Method:,"<p>Store the sweet potato in a dry and cool area. An area like the pantry. Not the refrigerator as that will encourage sprouting. Do not wash the potato before storing as moisture left on the potato could lead to rotting. Instead, clean any dirt with a dry cloth.</p>

<p>Do not store the potato near other vegetables as it could cause others to ripen more quickly than preferred. Keep the potato in a paper bag or a basket.</p>
",,,,,,,,,,,,,,,,,
product_1916fb1c-be91-cefb-a071-abbb39e8e64f,Product,Red Chilli (200g/pack),,9db03f_a1812dc5ed504fe4a70eadd0a53cddac~mv2.jpg,Fruity Vegetables;VEGETABLES,,,3.0,,true,PERCENT,0.0,InStock,0.0,,,,,,,,,,,,,,,,,,,,,,,,,,,,,,,,,,,,,
product_7503fc5e-00cf-5a11-1d9d-672d0c989eca,Product,TAIWAN Sweet Potato/500kg*10p,,9db03f_89d81db2fd2949e2bab94a2148603a5f~mv2.jpg,Potato type Vegetables;VEGETABLES,,,35.0,,true,PERCENT,0.0,InStock,0.0,Color,COLOR,"#ffa500:orange",,,,,,,,,,,,,,,,,,,,,,,,,,,,,,,,,,
product_b8d1fc55-f934-5951-1ec8-8e364f49321e,Product,Red Pepper (1 pc),,9db03f_8cf08e9159eb4750a00c33bfc6cae43d~mv2.jpg,Fruity Vegetables;VEGETABLES,,,5.4,,true,PERCENT,0.0,InStock,0.0,,,,,,,,,,,,,,,,,,,,,,,,,,,,,,,,,,,,,
product_957a14c9-cc00-aad0-992a-0c1192dcb578,Product,Red Chilli Padi (100g/pack),,9db03f_ffb0764039234328afce74104517b44b~mv2.jpeg,Fruity Vegetables;VEGETABLES,,,3.5,,true,PERCENT,0.0,InStock,0.0,,,,,,,,,,,,,,,,,,,,,,,,,,,,,,,,,,,,,
product_9082b7f0-37ae-d71f-c4e7-e8cbb0055fb4,Product,Local Leek /Korea Leek,,9db03f_02401e76568541829d9d5286e034a113~mv2.jpg,Leafy Vegetables;VEGETABLES,,,0.0,,true,PERCENT,0.0,InStock,0.0,Type,DROP_DOWN,Local (8kg);Korea (5kg),,,,,,,,,,,,,,,,,,,,,,,,,,,,,,,,,,
product_7b9b5ff9-85e5-2d84-846c-18fb6119f421,Product,Shitake Mushroom (200g*25p),,9db03f_3c5c7f0c4d16494dab1992f9b1757eff~mv2.jpg,VEGETABLES,,,85.0,,true,PERCENT,0.0,InStock,0.0,,,,,,,,,,,,,,,,,,,,,,,,,,,,,,,,,,,,,
product_9e140a77-f762-3db4-a54f-4a9ac12a1fd7,Product,Dai Pak Choy / Sawi Putih (250g/pack),,9db03f_b6e9084207c94a8580fc2d1b9d015f9d~mv2.jpg,Leafy Vegetables;VEGETABLES,,,3.0,,true,PERCENT,0.0,InStock,0.0,,,,,,,,,,,,,,,,,,,,,,,,,,,,,,,,,,,,,
product_420c5a62-2b1a-b227-9044-4ac2799cd600,Product,Hong Kong Nai Bak (200g/pack),,9db03f_e22eaa6c1de3463c8fdec43cdd505c85~mv2.jpg,Leafy Vegetables;VEGETABLES,,,4.5,,true,PERCENT,0.0,InStock,0.0,,,,,,,,,,,,,,,,,,,,,,,,,,,,,,,,,,,,,
product_c0212f2d-0c97-0005-d36e-ed929178f268,Product,Butter Lettuce (1 pc),,9db03f_71d93a1fa532461fab2fa8375bc26be3~mv2.jpg,Leafy Vegetables;VEGETABLES,,,4.8,,true,PERCENT,0.0,InStock,0.0,,,,,,,,,,,,,,,,,,,,,,,,,,,,,,,,,,,,,
product_df73a176-d45a-4382-bf42-9ee25315b167,Product,(Organic) Mini Cos / Romaine Lettuce / 油麦 +/-280g,,9db03f_c40a63a0105b49b88a65a085c7f02f1c~mv2.jpg,Leafy Vegetables;VEGETABLES,,,5.5,,true,PERCENT,0.0,InStock,0.0,,,,,,,,,,,,,,,,,,,,,,,,,,,,,,,,,,,,,
product_637c9f70-47aa-f4d9-d20b-efe7d3f6b016,Product,Kuchai / Garlic Chives (100g/pack),,9db03f_a3108ebaf614409faae7bb65ba1eb347~mv2.jpeg,Leafy Vegetables;VEGETABLES,,,1.5,,true,PERCENT,0.0,InStock,0.0,,,,,,,,,,,,,,,,,,,,,,,,,,,,,,,,,,,,,
product_59581201-744f-a08e-e807-1fd8a2db4777,Product,(Organic) Cabbage Shoot / Choy Tam / 菜旦 +/-270g,,9db03f_b1203395e1eb41d6bb12d14d654d37a1~mv2.jpg,Leafy Vegetables;VEGETABLES,,,5.5,,true,PERCENT,0.0,InStock,0.0,,,,,,,,,,,,,,,,,,,,,,,,,,,,,,,,,,,,,
product_0658a315-2cad-65d7-228b-bcbea146a7f3,Product,Cherry Tomato (300g/pack),,9db03f_bddf8b36dc344ba3bd23838637b5e206~mv2.jpg,Fruity Vegetables;VEGETABLES,,,4.0,,true,PERCENT,0.0,InStock,0.0,,,,,,,,,,,,,,,,,,,,,,,,,,,,,,,,,,,,,
product_f0ccdc13-ca33-d7ef-2cbc-dd7f7ae519cb,Product,AUS Jap Pumpkin/ Butternut Pumpkin,,9db03f_c362d67e26cd4bef91b9329b66cf02cb~mv2.jpg;9db03f_66b0d9a96572425bb5dc6a95fe1ba752~mv2.jpg,Fruity Vegetables;VEGETABLES,,,200.0,,true,PERCENT,0.0,InStock,0.0,Type,DROP_DOWN,Jap;Butternut,,,,,,,,,,,,,,,,,,,,,,,,,,,,,,,,,,
product_9f98c992-274a-dde6-3a56-b97144ce4d15,Product,Washed Lotus Root (10kg),,9db03f_599e8fe494cf473cadfe5c5ef2b0fe53~mv2.png,Potato type Vegetables;VEGETABLES,,,120.0,,true,PERCENT,0.0,InStock,0.0,,,,,,,,,,,,,,,,,,,,,,,,,,,,,,,,,,,,,
product_bfac90e1-56b9-2222-3261-8528c340578e,Product,Button Mushroom (200g/pack),,9db03f_de4c9722c94344ce852ad83e2530b3b7~mv2.jpg,Mushroom;VEGETABLES,,,7.0,,true,PERCENT,0.0,InStock,0.0,,,,,,,,,,,,,,,,,,,,,,,,,,,,,,,,,,,,,
product_3caf5737-a3e3-d786-b7c9-7ab2c7349654,Product,US / Russet Potato 120 /22.7kg,,9db03f_4bc7a600861d4a828edaa05bf4eb2f55~mv2.jpg,Potato type Vegetables;VEGETABLES,,,95.0,,true,PERCENT,0.0,InStock,0.0,,,,,,,,,,,,,,,,,,,,,,,,,,,,,,,,,,,,,
product_3cec32b8-1c75-ae3e-ba04-bb85ded91d96,Product,Beijing Cabbage,,9db03f_41c6298ea56c44969620cfb2f403d530~mv2.jpg,Leafy Vegetables;VEGETABLES,,,45.0,,true,PERCENT,0.0,InStock,0.0,,,,,,,,,,,,,,,,,,,,,,,,,,,,,,,,,,,,,
product_4f63131c-4f47-07b0-6f53-e17ad02a3231,Product,Chinese Parsley / Coriander / Daun Ketumbar (100g/pack),,9db03f_a2e42e71e8664ec084a954b1b1c31042~mv2.jpg,Leafy Vegetables;VEGETABLES,,,2.0,,true,PERCENT,0.0,InStock,0.0,,,,,,,,,,,,,,,,,,,,,,,,,,,,,,,,,,,,,
product_e65b9a1f-8227-9cae-b559-1db48d9f5772,Product,Celery (15Kg),,9db03f_b4fb0754a47144629cc2b6df6dbfe2f6~mv2.jpg,Leafy Vegetables;VEGETABLES,,,120.0,,true,PERCENT,0.0,InStock,0.0,,,,,,,,,,,,,,,,,,,,,,,,,,,,,,,,,,,,,
product_8bfdebf0-f263-cb11-79bb-966fcf842308,Product,Cauliflower(12kg),,9db03f_832ee93927db465081f22c057a2523a5~mv2.jpg,Fruity Vegetables;VEGETABLES,,,60.0,,true,PERCENT,0.0,InStock,0.0,,,,,,,,,,,,,,,,,,,,,,,,,,,,,,,,,,,,,
product_87e0abb5-53a4-01e3-5895-26fc744612a6,Product,Baby Corn (1 pack),,9db03f_4b27fcf3b9104c829270df74fa854ef2~mv2.jpg,Fruity Vegetables;VEGETABLES,,,3.0,,true,PERCENT,0.0,InStock,0.0,,,,,,,,,,,,,,,,,,,,,,,,,,,,,,,,,,,,,
product_7a205ec1-830b-f4a0-d548-f014c2f12c68,Product,Almond Mushroom / King Oyster Mushroom,,9db03f_027f1a3a5f7a44bdb98f93164437153a~mv2.jpg,Mushroom;VEGETABLES,,,0.0,,true,PERCENT,0.0,InStock,0.0,Type,DROP_DOWN,Normal(200g*30p);Mini(300g*15p),,,,,,,,,,,,,,,,,,,,,,,,,,,,,,,,,,
product_7a205ec1-830b-f4a0-d548-f014c2f12c68,Variant,,,,,,,,75.0,true,,,InStock,,,,Normal(200g*30p),,,,,,,,,,,,,,,,,,,,,,,,,,,,,,,,,,
product_7a205ec1-830b-f4a0-d548-f014c2f12c68,Variant,,,,,,,,60.0,true,,,InStock,,,,Mini(300g*15p),,,,,,,,,,,,,,,,,,,,,,,,,,,,,,,,,,
product_b143c0cf-541d-762a-22f2-0009b59af7a8,Product,Baby Siew Pak Choy (200g/pack),,9db03f_756c7a7d562e4be4ba3a9b1fd31003c0~mv2.jpg,Leafy Vegetables;VEGETABLES,,,4.0,,true,PERCENT,0.0,InStock,0.0,,,,,,,,,,,,,,,,,,,,,,,,,,,,,,,,,,,,,
product_a258fe6a-b9c4-8faf-ef94-069bf45ee9b2,Product,Old Cucumber (1 pc),,9db03f_2a8fc30b577f4a8cbaa00897b121d28b~mv2.png,Fruity Vegetables;VEGETABLES,,,4.5,,true,PERCENT,0.0,InStock,0.0,,,,,,,,,,,,,,,,,,,,,,,,,,,,,,,,,,,,,
product_e3b57d24-513b-b12e-9668-f4c9e214f79d,Product,Shimeji Mushroom(Brown/White)-150g*40p,,9db03f_5e4fd9a82132406ea2fc5a864c061dd9~mv2.jpeg;9db03f_cb13ac954fbe4429954d1e92b4b405d1~mv2.jpg,Mushroom;VEGETABLES,,,0.0,,true,PERCENT,0.0,InStock,0.0,Type,DROP_DOWN,Brown;White,,,,,,,,,,,,,,,,,,,,,,,,,,,,,,,,,,
product_e3b57d24-513b-b12e-9668-f4c9e214f79d,Variant,,,,,,,,68.0,true,,,InStock,,,,Brown,,,,,,,,,,,,,,,,,,,,,,,,,,,,,,,,,,
product_e3b57d24-513b-b12e-9668-f4c9e214f79d,Variant,,,,,,,,65.0,true,,,InStock,,,,White,,,,,,,,,,,,,,,,,,,,,,,,,,,,,,,,,,
product_0308bb6f-a0be-dd45-17a8-c725a95ab7c0,Product,(Natural) Baby French Bean / 桂豆苗 +/-180g,,9db03f_8c58d13c0fb544f490b6c7571dffcfb3~mv2.jpg,Vegetable Beans;VEGETABLES,,,5.5,,true,PERCENT,0.0,InStock,0.0,,,,,,,,,,,,,,,,,,,,,,,,,,,,,,,,,,,,,
product_78c3e708-0427-a5f7-d9c0-eb4b7b024572,Product,Ginger/Ginger King,,9db03f_42b907b5d4554c57a5cbec4c6ff9b3b8~mv2.jpeg,Potato type Vegetables;VEGETABLES,,,0.0,,true,PERCENT,0.0,InStock,0.0,Size,DROP_DOWN,Normal(5kg);King(10kg),,,,,,,,,,,,,,,,,,,,,,,,,,,,,,,,,,
product_78c3e708-0427-a5f7-d9c0-eb4b7b024572,Variant,,,,,,,,26.0,true,,,InStock,,,,Normal(5kg),,,,,,,,,,,,,,,,,,,,,,,,,,,,,,,,,,
product_78c3e708-0427-a5f7-d9c0-eb4b7b024572,Variant,,,,,,,,58.0,true,,,InStock,,,,King(10kg),,,,,,,,,,,,,,,,,,,,,,,,,,,,,,,,,,
product_51301a3e-9c4c-75c9-ed1e-155026d896c1,Product,Eggplant / Brinjal / Aubergine (1 pc),,9db03f_13c43627d5544432ab3228d3a02c9680~mv2.jpg,Fruity Vegetables;VEGETABLES,,,3.3,,true,PERCENT,0.0,InStock,0.0,,,,,,,,,,,,,,,,,,,,,,,,,,,,,,,,,,,,,
product_d9f19834-dbe4-959c-97bf-5544d184a297,Product,Long Bean (250g/pack),,9db03f_9a1acac370ec4583b301bbdb3b5779c4~mv2.jpg,Vegetable Beans;VEGETABLES,,,3.5,,true,PERCENT,0.0,InStock,0.0,,,,,,,,,,,,,,,,,,,,,,,,,,,,,,,,,,,,,
product_870e1193-85e0-b845-2824-99fc923beba8,Product,Japanese Cucumber (500g/pack),,9db03f_b0c90b0addfc4476aa4c1b4f5a4652af~mv2.jpg,Fruity Vegetables;VEGETABLES,,,4.3,,true,PERCENT,0.0,InStock,0.0,,,,,,,,,,,,,,,,,,,,,,,,,,,,,,,,,,,,,
product_16cc7365-ced1-e419-4ee9-446a98eb7b98,Product,Hong Kong Kai Lan / 香港芥兰 (200g/pack),,9db03f_dad0a013bd1749f5bfcedfe74a4f4b6f~mv2.jpg,Leafy Vegetables;VEGETABLES,,,4.0,,true,PERCENT,0.0,InStock,0.0,,,,,,,,,,,,,,,,,,,,,,,,,,,,,,,,,,,,,
product_ab8898a7-d966-f29f-5a4a-3cd106e9a740,Product,NZ/Brown Onion/500g*10p,,9db03f_0da2765ce73e41f1ae681323b4a98ec7~mv2.jpg,Potato type Vegetables;VEGETABLES,,,18.0,,true,PERCENT,0.0,InStock,0.0,,,,,,,,,,,,,,,,,,,,,,,,,,,,,,,,,,,,,
product_4dc62df0-53c0-8f38-6ef6-80e8e67485c2,Product,Romaine (1 pc),,9db03f_c32e98cb8d454ba998041bb38e270c25~mv2.jpg,Leafy Vegetables;VEGETABLES,,,4.5,,true,PERCENT,0.0,InStock,0.0,,,,,,,,,,,,,,,,,,,,,,,,,,,,,,,,,,,,,
product_6326c985-d706-2fdb-4b1a-c8d5f06a9b3e,Product,Lemongrass / Serai (3pcs/bundle),,9db03f_c098f766d3314ff29426f72770cef0d8~mv2.jpeg,VEGETABLES,,,0.7,,true,PERCENT,0.0,InStock,0.0,,,,,,,,,,,,,,,,,,,,,,,,,,,,,,,,,,,,,
product_4a4ba3f2-75d5-3d8a-39a8-ba07a7b9bfc7,Product,AUS Cabbage/AUS Purple Cabbage,,9db03f_6976f30813b84c839add039ad636ff0b~mv2.jpg;9db03f_ce43d5917bec44e986573ded956d24f5~mv2.jpg,Leafy Vegetables;VEGETABLES,,,60.0,,true,PERCENT,0.0,InStock,0.0,Color,COLOR,"#008000:Green;#800080:Purple",,,,,,,,,,,,,,,,,,,,,,,,,,,,,,,,,,
product_4a4ba3f2-75d5-3d8a-39a8-ba07a7b9bfc7,Variant,,,,,,,,0.0,true,,,InStock,15.0,,,"#008000:Green",,,,,,,,,,,,,,,,,,,,,,,,,,,,,,,,,,
product_4a4ba3f2-75d5-3d8a-39a8-ba07a7b9bfc7,Variant,,,,,,,,0.0,true,,,InStock,11.0,,,"#800080:Purple",,,,,,,,,,,,,,,,,,,,,,,,,,,,,,,,,,
product_df19c1f7-07d8-a265-42f8-e8dfa824cc6e,Product,Broccoli,<p>&nbsp;</p>,9db03f_43be452c5dc04085bb352f9744ec030a~mv2.jpg,VEGETABLES,364215376135191,,60.0,,true,PERCENT,0.0,InStock,0.0,Size,DROP_DOWN,7kg,,,,,,,,,,,,,,,,PRODUCT INFO,"I'm a product detail. I'm a great place to add more information about your product such as sizing, material, care and cleaning instructions. This is also a great space to write what makes this product special and how your customers can benefit from this item.",RETURN & REFUND POLICY,I’m a Return and Refund policy. I’m a great place to let your customers know what to do in case they are dissatisfied with their purchase. Having a straightforward refund or exchange policy is a great way to build trust and reassure your customers that they can buy with confidence.,SHIPPING INFO,"I'm a shipping policy. I'm a great place to add more information about your shipping methods, packaging and cost. Providing straightforward information about your shipping policy is a great way to build trust and reassure your customers that they can buy from you with confidence.",,,,,,,,,,,,,
product_cd59cd36-b6d2-2cf3-9d48-81793a7bdbbd,Product,AUS Carrot(Farmgate/Ozzy/C3/Pack),"I'm a product description. I'm a great place to add more details about your product such as sizing, material, care instructions and cleaning instructions.",9db03f_0ee438edbe4149d4b082545dfafd7208~mv2.jpg,VEGETABLES,364215375135191,,0.0,,true,PERCENT,0.0,InStock,0.0,Size,DROP_DOWN,Farmgate;Ozzy;C3;Pack,,,,,,,,,,,,,,,,PRODUCT INFO,"I'm a product detail. I'm a great place to add more information about your product such as sizing, material, care and cleaning instructions. This is also a great space to write what makes this product special and how your customers can benefit from this item.",RETURN & REFUND POLICY,I’m a Return and Refund policy. I’m a great place to let your customers know what to do in case they are dissatisfied with their purchase. Having a straightforward refund or exchange policy is a great way to build trust and reassure your customers that they can buy with confidence.,SHIPPING INFO,"I'm a shipping policy. I'm a great place to add more information about your shipping methods, packaging and cost. Providing straightforward information about your shipping policy is a great way to build trust and reassure your customers that they can buy from you with confidence.",,,,,,,,,,,,,
product_cd59cd36-b6d2-2cf3-9d48-81793a7bdbbd,Variant,,,,,,,,48.0,true,,,InStock,10.0,,,Farmgate,,,,,,,,,,,,,,,,,,,,,,,,,,,,,,,,,,
product_cd59cd36-b6d2-2cf3-9d48-81793a7bdbbd,Variant,,,,,,,,45.0,true,,,InStock,10.0,,,Ozzy,,,,,,,,,,,,,,,,,,,,,,,,,,,,,,,,,,
product_cd59cd36-b6d2-2cf3-9d48-81793a7bdbbd,Variant,,,,,,,,40.0,true,,,InStock,15.0,,,C3,,,,,,,,,,,,,,,,,,,,,,,,,,,,,,,,,,
product_cd59cd36-b6d2-2cf3-9d48-81793a7bdbbd,Variant,,,,,,,,95.0,true,,,InStock,181.937,,,Pack,,,,,,,,,,,,,,,,,,,,,,,,,,,,,,,,,,
product_c8539b66-7a44-fe18-affc-afec4be8562a,Product,Siew Pak Choy (200g/pack),"I'm a product description. I'm a great place to add more details about your product such as sizing, material, care instructions and cleaning instructions.",9db03f_cb0de9d7823b45b7a6c8fca62730019d~mv2.jpg,Leafy Vegetables;VEGETABLES,364115376135191,Best Seller,2.2,,true,PERCENT,0.0,InStock,0.0,,,,,,,,,,,,,,,,,,,PRODUCT INFO,"I'm a product detail. I'm a great place to add more information about your product such as sizing, material, care and cleaning instructions. This is also a great space to write what makes this product special and how your customers can benefit from this item.",RETURN & REFUND POLICY,I’m a Return and Refund policy. I’m a great place to let your customers know what to do in case they are dissatisfied with their purchase. Having a straightforward refund or exchange policy is a great way to build trust and reassure your customers that they can buy with confidence.,SHIPPING INFO,"I'm a shipping policy. I'm a great place to add more information about your shipping methods, packaging and cost. Providing straightforward information about your shipping policy is a great way to build trust and reassure your customers that they can buy from you with confidence.",,,,,,,,,,,,,
product_1a2d7e83-4bef-31d5-09e1-3326ee271c09,Product,Okra / Lady Finger (250g/pack),"I'm a product description. I'm a great place to add more details about your product such as sizing, material, care instructions and cleaning instructions.",9db03f_fe4ac8eb66c248ee89b4524d25af27f1~mv2.jpg,Vegetable Beans;VEGETABLES,217537123517253,,3.6,,true,PERCENT,0.0,InStock,0.0,,,,,,,,,,,,,,,,,,,PRODUCT INFO,"I'm a product detail. I'm a great place to add more information about your product such as sizing, material, care and cleaning instructions. This is also a great space to write what makes this product special and how your customers can benefit from this item.",RETURN & REFUND POLICY,I’m a Return and Refund policy. I’m a great place to let your customers know what to do in case they are dissatisfied with their purchase. Having a straightforward refund or exchange policy is a great way to build trust and reassure your customers that they can buy with confidence.,SHIPPING INFO,"I'm a shipping policy. I'm a great place to add more information about your shipping methods, packaging and cost. Providing straightforward information about your shipping policy is a great way to build trust and reassure your customers that they can buy from you with confidence.",,,,,,,,,,,,,
product_3fb6a3c8-988b-8755-04bd-5c59ae0b18ea,Product,Spring Onion (100g/pack),"I'm a product description. I'm a great place to add more details about your product such as sizing, material, care instructions and cleaning instructions.",9db03f_339ebb2a4066447f9b11df8c12723b0f~mv2.jpg,Leafy Vegetables;VEGETABLES,36523641234523,,1.1,,true,PERCENT,0.0,InStock,0.0,,,,,,,,,,,,,,,,,,,PRODUCT INFO,"I'm a product detail. I'm a great place to add more information about your product such as sizing, material, care and cleaning instructions. This is also a great space to write what makes this product special and how your customers can benefit from this item.",RETURN & REFUND POLICY,I’m a Return and Refund policy. I’m a great place to let your customers know what to do in case they are dissatisfied with their purchase. Having a straightforward refund or exchange policy is a great way to build trust and reassure your customers that they can buy with confidence.,SHIPPING INFO,"I'm a shipping policy. I'm a great place to add more information about your shipping methods, packaging and cost. Providing straightforward information about your shipping policy is a great way to build trust and reassure your customers that they can buy from you with confidence.",,,,,,,,,,,,,
product_ea77f230-558f-57b6-cdd1-0ba565e8f827,Product,White Garlic (CHN)/500g*10p,"I'm a product description. I'm a great place to add more details about your product such as sizing, material, care instructions and cleaning instructions.",9db03f_f392644d1e374a87b9c6bae17227a0d0~mv2.jpg,Potato type Vegetables;VEGETABLES,364215376135199,,32.0,,true,PERCENT,0.0,InStock,0.0,,,,,,,,,,,,,,,,,,,PRODUCT INFO,"I'm a product detail. I'm a great place to add more information about your product such as sizing, material, care and cleaning instructions. This is also a great space to write what makes this product special and how your customers can benefit from this item.",RETURN & REFUND POLICY,I’m a Return and Refund policy. I’m a great place to let your customers know what to do in case they are dissatisfied with their purchase. Having a straightforward refund or exchange policy is a great way to build trust and reassure your customers that they can buy with confidence.,SHIPPING INFO,"I'm a shipping policy. I'm a great place to add more information about your shipping methods, packaging and cost. Providing straightforward information about your shipping policy is a great way to build trust and reassure your customers that they can buy from you with confidence.",,,,,,,,,,,,,
product_6b6778b4-c626-c00d-972c-b138d85e3f07,Product,Small Shallot/500g*10p),"I'm a product description. I'm a great place to add more details about your product such as sizing, material, care instructions and cleaning instructions.",9db03f_56d38f5b8e4a4466a46890a3dd4b1c0f~mv2.jpg,Potato type Vegetables;VEGETABLES,632835642834572,,0.0,,true,PERCENT,0.0,InStock,0.0,From,DROP_DOWN,CHINA;THAILAND,,,,,,,,,,,,,,,,PRODUCT INFO,"I'm a product detail. I'm a great place to add more information about your product such as sizing, material, care and cleaning instructions. This is also a great space to write what makes this product special and how your customers can benefit from this item.",RETURN & REFUND POLICY,I’m a Return and Refund policy. I’m a great place to let your customers know what to do in case they are dissatisfied with their purchase. Having a straightforward refund or exchange policy is a great way to build trust and reassure your customers that they can buy with confidence.,SHIPPING INFO,"I'm a shipping policy. I'm a great place to add more information about your shipping methods, packaging and cost. Providing straightforward information about your shipping policy is a great way to build trust and reassure your customers that they can buy from you with confidence.",,,,,,,,,,,,,
product_6b6778b4-c626-c00d-972c-b138d85e3f07,Variant,,,,,,,,15.0,true,,,InStock,,,,CHINA,,,,,,,,,,,,,,,,,,,,,,,,,,,,,,,,,,
product_6b6778b4-c626-c00d-972c-b138d85e3f07,Variant,,,,,,,,43.0,true,,,InStock,,,,THAILAND,,,,,,,,,,,,,,,,,,,,,,,,,,,,,,,,,,
product_975bc5ac-c45f-f81c-fd5c-c909f20d89fa,Product,Enoki Mushroom (100g*50p),"I'm a product description. I'm a great place to add more details about your product such as sizing, material, care instructions and cleaning instructions.",9db03f_d9976383d6ed4fc4b5aa2811948d2cd7~mv2.jpg,Mushroom;VEGETABLES,284215376135191,,32.0,,true,PERCENT,0.0,InStock,0.0,,,,,,,,,,,,,,,,,,,PRODUCT INFO,"I'm a product detail. I'm a great place to add more information about your product such as sizing, material, care and cleaning instructions. This is also a great space to write what makes this product special and how your customers can benefit from this item.",RETURN & REFUND POLICY,I’m a Return and Refund policy. I’m a great place to let your customers know what to do in case they are dissatisfied with their purchase. Having a straightforward refund or exchange policy is a great way to build trust and reassure your customers that they can buy with confidence.,SHIPPING INFO,"I'm a shipping policy. I'm a great place to add more information about your shipping methods, packaging and cost. Providing straightforward information about your shipping policy is a great way to build trust and reassure your customers that they can buy from you with confidence.",,,,,,,,,,,,,
product_7bb38a7a-70b7-9cf3-fc80-584205694465,Product,Ubi Kayu / Cassava / Yuca Root (+/-1kg per pack),"I'm a product description. I'm a great place to add more details about your product such as sizing, material, care instructions and cleaning instructions.",9db03f_392d8f7d011242cc90f0938cfd86e47d~mv2.jpg,Potato type Vegetables;VEGETABLES,126351351935,,4.55,,true,PERCENT,0.0,InStock,0.0,,,,,,,,,,,,,,,,,,,PRODUCT INFO,"I'm a product detail. I'm a great place to add more information about your product such as sizing, material, care and cleaning instructions. This is also a great space to write what makes this product special and how your customers can benefit from this item.",RETURN & REFUND POLICY,I’m a Return and Refund policy. I’m a great place to let your customers know what to do in case they are dissatisfied with their purchase. Having a straightforward refund or exchange policy is a great way to build trust and reassure your customers that they can buy with confidence.,SHIPPING INFO,"I'm a shipping policy. I'm a great place to add more information about your shipping methods, packaging and cost. Providing straightforward information about your shipping policy is a great way to build trust and reassure your customers that they can buy from you with confidence.",,,,,,,,,,,,,
product_52b0658f-3b3d-796e-9532-87cd79468363,Product,White Radish/Red Radish/Green Radish(10kg),"I'm a product description. I'm a great place to add more details about your product such as sizing, material, care instructions and cleaning instructions.",9db03f_4f27fa7ca8c947658583b54a88a03cd5~mv2.jpg;9db03f_9e633aa2a60948eba3e1c54ef7b49040~mv2.jpg;9db03f_333bcea4474246bc83815e5dbfe20495~mv2.png,Potato type Vegetables;VEGETABLES,671253175371,Sale,0.0,,true,PERCENT,0.0,InStock,0.0,Color,COLOR,"#ffffff:White;#ff0000:Red;#008000:Green",,,,,,,,,,,,,,,,PRODUCT INFO,"I'm a product detail. I'm a great place to add more information about your product such as sizing, material, care and cleaning instructions. This is also a great space to write what makes this product special and how your customers can benefit from this item.",RETURN & REFUND POLICY,I’m a Return and Refund policy. I’m a great place to let your customers know what to do in case they are dissatisfied with their purchase. Having a straightforward refund or exchange policy is a great way to build trust and reassure your customers that they can buy with confidence.,SHIPPING INFO,"I'm a shipping policy. I'm a great place to add more information about your shipping methods, packaging and cost. Providing straightforward information about your shipping policy is a great way to build trust and reassure your customers that they can buy from you with confidence.",,,,,,,,,,,,,
product_52b0658f-3b3d-796e-9532-87cd79468363,Variant,,,,,,,,38.0,true,,,InStock,,,,"#ffffff:White",,,,,,,,,,,,,,,,,,,,,,,,,,,,,,,,,,
product_52b0658f-3b3d-796e-9532-87cd79468363,Variant,,,,,,,,45.0,true,,,InStock,,,,"#ff0000:Red",,,,,,,,,,,,,,,,,,,,,,,,,,,,,,,,,,
product_52b0658f-3b3d-796e-9532-87cd79468363,Variant,,,,,,,,0.0,true,,,InStock,,,,"#008000:Green",,,,,,,,,,,,,,,,,,,,,,,,,,,,,,,,,,
product_a668ef33-f5b8-6569-d04c-1d123be68441,Product,Choy Sum / Baby Choy Sum,"I'm a product description. I'm a great place to add more details about your product such as sizing, material, care instructions and cleaning instructions.",9db03f_16af52c91e6c4bb49bca0b92f5b39615~mv2.jpg;9db03f_27819b4c413641f48eed4b6ef8205b38~mv2.jpg,Leafy Vegetables;VEGETABLES,21554345656,,60.0,,true,PERCENT,0.0,InStock,0.0,Type,DROP_DOWN,Normal 5.5kg;Baby 4kg,,,,,,,,,,,,,,,,PRODUCT INFO,"I'm a product detail. I'm a great place to add more information about your product such as sizing, material, care and cleaning instructions. This is also a great space to write what makes this product special and how your customers can benefit from this item.",RETURN & REFUND POLICY,I’m a Return and Refund policy. I’m a great place to let your customers know what to do in case they are dissatisfied with their purchase. Having a straightforward refund or exchange policy is a great way to build trust and reassure your customers that they can buy with confidence.,SHIPPING INFO,"I'm a shipping policy. I'm a great place to add more information about your shipping methods, packaging and cost. Providing straightforward information about your shipping policy is a great way to build trust and reassure your customers that they can buy from you with confidence.",,,,,,,,,,,,,
