productName,variantName,productPrice,productImage,categoryID
Fuji Apple(CHN),Fuji Apple(CHN)(88/113p),80,media/Site Files/Apples-Red.jpg,24
Fuji Apple(CHN),Fuji Apple(CHN)(64/72/80p),112,media/Site Files/Apples-Red.jpg,24
Fuji Apple(CHN),Fuji Apple(CHN)(125/138/150),78,media/Site Files/Apples-Red.jpg,24
Fuji Apple SA,Fuji Apple SA(100),0,media/Site Files/Fuji Apple Sa.jpg,24
Fuji Apple SA,Fuji Apple SA(150),118,media/Site Files/Fuji Apple Sa.jpg,24
Fuji Apple SA,Fuji Apple SA(180),108,media/Site Files/Fuji Apple Sa.jpg,24
Royal Gala Apple(SA)/135p,,102,media/Site Files/royal-gala-apples--sa---bulk.webp.png,24
Honey Mandarin(CHN)/84,,55,media/Site Files/honey mandarin.jpg,24
Valencia Orange (EGY),Valencia Orange (EGY)(72),55,media/Site Files/valencia.png,24
Valencia Orange (EGY),Valencia Orange (EGY)(88),55,media/Site Files/valencia.png,24
Valencia Orange (EGY),Valencia Orange (EGY)(100),55,media/Site Files/valencia.png,24
Century Pear(CHN)/42p,,88,media/Site Files/cncenturypear.jpg,24
Fragrant Pear(CHN)/7kg/XL,,65,media/Site Files/Fragrant.jfif.jpg,24
Ya Pear(CHN),Ya Pear(CHN)(80p),55,media/Site Files/ya pear.png,24
Ya Pear(CHN),Ya Pear(CHN)(96p),50,media/Site Files/ya pear.png,24
Ya Pear(CHN),Ya Pear(CHN)(112p),45,media/Site Files/ya pear.png,24
Gong Pear(CHN)/36p,,55,media/Site Files/gong-pear-1-kg.jpg,24
Sonaka Grape(IND)/500g*10p,,0,media/Site Files/Grapes-Sonaka-1.jpg,24
Lychee(CHN),Lychee(CHN)(1kg*12p),0,media/Site Files/Lychee-Fruit.jpg,24
Lychee(CHN),Lychee(CHN)(9kg),0,media/Site Files/Lychee-Fruit.jpg,24
Cherry(USA)/5kg,,0,media/Site Files/cherry.jpg,24
Hami Melon CHINA/9kg,,60,media/Site Files/hami melon china.jpeg,24
Lemon,Lemon(CHN(75)),85,media/Site Files/0007137_yellow-lemon-nimbu-big-australia_600.jpeg,24
Lemon,Lemon(SA(113)),88,media/Site Files/0007137_yellow-lemon-nimbu-big-australia_600.jpeg,24
BANGLADESH/Potato/500g*10p,,13,media/Site Files/potato bangladesh.jpg,3
Big Shallot(IND)/500g*10p,,15,media/Site Files/RedOnions_2x.jpg,3
Dried Chilli(IND)/100g*10p,,18,media/Site Files/17480769.jpg,2
Sweet Corn(25packet*2pcs),,68,media/Site Files/sweet corn.jfif.jpg,2
Sweet Tamarind(1kg*10p),,135,media/Site Files/Swwt-tamarind-e1553651180248.jpg,2
Dried Seaweed(50g*30p),,65,media/Site Files/seaweeds.jpg,1
GroundNut(5kg),,50,media/Site Files/138071379-peanut-isolated-on-white-background-.jpg,4
Salt Plum,Salt Plum(168g*48),80,media/Site Files/salt plum.jpg,24
Salt Plum,Salt Plum(2kg*6),85,media/Site Files/salt plum.jpg,24
Sichuan Whole,Sichuan Whole(250g*50p),0,media/Site Files/sichuan.jpeg,7
Sichuan Whole,Sichuan Whole(38kg),0,media/Site Files/sichuan.jpeg,7
Garlic Pulp,,270,media/Site Files/garlic pulp.webp.png,3
Lotus Seed(100g*50p),,130,media/Site Files/Tangy_Lotus_Seeds_2x.jpg,4
Ginkgo Nut(80g*100p),,95,media/Site Files/ginkgo-nuts-1598941156-5570755.jpeg,4
Bamboo Shoot (10kg),,130,media/Site Files/bamboo shoot.jpg,1
Fresh Black Fungus(200g*25p),,65,media/Site Files/black fungus.jfif.jpg,1
Wax Gourd(1kg),,4,media/Site Files/wax-gourd-seeds-benincasa-hispida.jpg,2
Arrow Root (10kg),,0,media/Site Files/arrow root-910x1155.jpg,3
Yacon(7kg),,0,media/Site Files/yacon_jpg3.jpg,3
Baby Qing Bak(4kg),,50,media/Site Files/china-baby-qing-bak-200g-pack.jpg,1
Baby Dou Bak (4kg),,50,media/Site Files/Dou Bak.jpg,1
Burdock Root (10kg),,48,media/Site Files/RMLEG100BURDOCKROOT-100-g-Burdock-Root-Liquid-Extract-_91_Glycerine-Based_93_-L-20191108_ml.jpg,3
Huai Shan(10kg),Huai Shan(10kg)(Normal),70,media/Site Files/1626242873_huai shan (1).png,3
Huai Shan(10kg),Huai Shan(10kg)(Vacuum),60,media/Site Files/1626242873_huai shan (1).png,3
Mixed Mushroom(400g*20p),,95,media/Site Files/cultivated_mushroom_mix.jpg,5
Snow White Mushroom(150g*40p),,75,media/Site Files/SNOW-WHITE-MUSHROOM-150G-1-980x980.jpg,5
Sweet Pea(130g*30p),,53,media/Site Files/sweet-peas.jpg,4
Garlic Sprout (10kg),,0,media/Site Files/garlic sprout.jfif.jpg,6
Lettuce Shoot(10kg),,0,media/Site Files/shoot.jpg,6
Spinach(200g*20p),,60,media/Site Files/spinach (1).jpg,6
Mak Choy (300g*13p),,50,media/Site Files/yau-mak-choy-500g.jpg,6
Kale/Baby Kale/Stem Kale,Stem Kale(10kg),80,media/Site Files/Easy-Way-Remove-Kale-Stems.jpg,6
Kale/Baby Kale/Stem Kale,Kale(5.5kg),65,media/Site Files/kale.jpg,6
Kale/Baby Kale/Stem Kale,Baby Kale(4kg),60,media/Site Files/8454 (1).png,6
CHN Wong Bok/Baby Wong Bok,Baby Wong Bok(Small),25,media/Site Files/wong bok.jpg,6
CHN Wong Bok/Baby Wong Bok,CHN Wong Bok(Large),65,media/Site Files/wong bok.jpg,6
Purple Cabbage(10kg),,65,media/Site Files/kubis merah.jpg,6
CHINA Cabbage(20kg),,22,media/Site Files/B4433273-C975-4B4F-BF5B-95A69B2FE950_4_5005_c-e1593064273205.jpg,6
VIET Carrot,VIET Carrot(10kg),21,media/Site Files/carrot vietname.jpg,2
VIET Carrot,VIET Carrot(4.5kg),12,media/Site Files/carrot vietname.jpg,2
VIET Sweet Potato (Yellow/Purple) /10kg,VIET Sweet Potato/10kg(Yellow),65,media/Site Files/Sweet-Potato-Yellow.jpg,3
VIET Sweet Potato (Yellow/Purple) /10kg,VIET Sweet Potato/10kg(Purple),65,media/Site Files/Sweet-Potato-Purple-1.jpg,3
VIET Sweet Potato (Yellow/Purple) /5kg,VIET Sweet Potato/5kg(Yellow),38,media/Site Files/Sweet-Potato-Yellow.jpg,3
VIET Sweet Potato (Yellow/Purple) /5kg,VIET Sweet Potato/5kg(Purple),38,media/Site Files/Sweet-Potato-Purple-1.jpg,3
JAPAN Huai Shan (10kg),,290,media/Site Files/Fresh-Chinese-yam.jpg,3
USA Baby Carrot(250kg*40p),,180,media/Site Files/baby carrot.png,3
CHN Baby Pumpkin (2kg),,0,media/Site Files/baby pumpkin.jpg,2
AUS Purple Carrot(9kg/500g*15p),AUS Purple Carrot(9kg),80,media/Site Files/carrot puplr.png,3
AUS Purple Carrot(9kg/500g*15p),AUS Purple Carrot(500g*15p),,media/Site Files/carrot puplr.png,3
AUS Potato Nadine/Ruby Lou/Royal Blue/Chat Baby (15kg),AUS Potato Nadine (15kg),100,media/Site Files/nadine-potato.jpg,3
AUS Potato Nadine/Ruby Lou/Royal Blue/Chat Baby (15kg),AUS Potato Ruby Lou (15kg),100,media/Site Files/555_ruby-lou.jpg,3
AUS Potato Nadine/Ruby Lou/Royal Blue/Chat Baby (15kg),AUS Potato Royal Blue (15kg),100,media/Site Files/royal blue potato.jpg,3
AUS Potato Nadine/Ruby Lou/Royal Blue/Chat Baby (15kg),AUS Potato Chat Baby (15kg),100,media/Site Files/chat potato.jpg,3
Turkey Whole Raw,,0,media/Site Files/turkey1.jpg,8
Turkey Breast,,0,media/Site Files/20000005552-10.jpg,8
Sliced Turkey Toast,,0,media/Site Files/hennies-premium-turkey-toast-slice.jpg,8
Turkey Bacon,,0,media/Site Files/paleo-nutrition-wales-outdoor-reared-thick-cut-back-bacon-800x600.jpg,8
Duck Breast Raw Meat,,0,media/Site Files/11-barbary-duck-breast-170-230gr-pack-of-2-400x400.jpg,9
Smoked Duck,,0,media/Site Files/6qDsWTityZEvsWLYNpreaTlIt5GlvWm2p2c4ShmH.jpeg,9
Whole Duck,,0,media/Site Files/Duck-Whole-1.jpg,9
Quail,,0,media/Site Files/frozen-france-quail-2pcs.jpg,10
Ostrich Steak/Meat,,0,media/Site Files/Ostrich Steak.jpg,11
Venicon Meat,,0,media/Site Files/venicon.jpg,12
Minced Chicken (2kg),,29.4,media/Site Files/Fresh-minced-chicken.jpg,13
Fresh Chicken Skin (800g-1kg) [Halal],,6.5,media/Site Files/Fresh-chicken-skin.jpg,13
Fresh Chicken Gizzard (800g-1kg) [Halal],,7.8,media/Site Files/Fresh-chicken-gizzard.jpg,13
Old Hen (1 bird) [Halal],,10.4,media/Site Files/Old-Hen.jpg,13
Fresh Chicken Neck (800g-1kg) [Halal],,4.75,media/Site Files/Fresh-chicken-neck.jpg,13
Fresh Chicken Feet (800g-1kg) [Halal],,8.9,media/Site Files/Fresh-chicken-feet.jpg,13
Fresh Chicken Liver (800g-1kg) [Halal],,3.9,media/Site Files/Fresh-chicken-liver.jpg,13
Fresh Chicken Quarter (800g-1kg) [Halal],,15.6,media/Site Files/Fresh-chicken-mc-wholeleg.jpg,13
Fresh Chicken Drumstick (800g-1kg) [Halal],,16.4,media/Site Files/Fresh-chicken-drumstick.jpg,13
Fresh Chicken Wing (800g-1kg) [Halal],,16.2,media/Site Files/Fresh-chicken-wing.jpg,13
Fresh Chicken Thigh (800g-1kg) [Halal],,12,media/Site Files/Fresh-chicken-thigh.jpg,13
Fresh Chicken Chop +/-2kg [Halal],,36.8,media/Site Files/Fresh-chicken-chop.jpg,13
Fresh Kampung Chicken (1.5-1.8kg) [Halal],,39,media/Site Files/Fresh-kampung-chicken-jantan.jpg,13
Fresh Chicken Fillet (800g-1kg) [Halal],,15.3,media/Site Files/Chicken-Fillet-Halal.jpg,13
Fresh Chicken Whole Leg (800g-1kg) [Halal],,15,media/Site Files/Whole-Chicken-No-Head-Feet.jpg,13
Whole Chicken – No Head and Feet (1.5-1.7kg) [Halal],,18.1,media/Site Files/Whole-Chicken-No-Head-Feet.jpg,13
Fresh Chicken Carcass (800g-1kg) [Halal],,3,media/Site Files/Fresh-chicken-carcass.jpg,13
Fresh Chicken Breastmeat (800g-1kg) [Halal],,13.4,media/Site Files/Fresh-chicken-breastmeat.jpg,13
Australian Lamb Leg Boneless,,0,media/Site Files/compass_fresh_compass_fresh_-_denpasar_lamb_leg_boneless_aus_-500_gr-_full02_pkd5l9vd.jpg,14
Fresh Lamb Shanks,,0,media/Site Files/istockphoto-857252480-612x612.jpg,14
Lamb Chops,,0,media/Site Files/273408011_0_640x640.jpg,14
Lamb Rack Frenched,,0,media/Site Files/Lamb_rack_frenched_NZ_300x300.jpg,14
Frozen Leg Australian,,0,media/Site Files/Frozen Leg Australian.jpg,14
Mutton Cube,,0,media/Site Files/mutton cube.jfif.jpg,14
Lamb Leg Boneless,,0,media/Site Files/lamb-leg-boneless-12-15kg.jpg,14
Mutton Truck 28kg,,0,media/Site Files/Mutton Trunk.webp.png,14
Lamb/Mutton Carcass,,0,media/Site Files/Mutton Full.png,14
Lamb Shoulder,,0,media/Site Files/lamb shoulder.jpeg,14
Shortibs NZ Cut,,0,media/Site Files/image.jfif.jpg,15
Beef lungs,,0,media/Site Files/234c1819-ec11-4273-b249-1047aeaa3197.jpg.webp.png,15
Mince Beef,,0,media/Site Files/beef-mince.jpg,15
Ox Tail Cut,,0,media/Site Files/unnamed.jpg,15
Shank Indian 20kg,,0,media/Site Files/beef-shanks-2.jpg,15
Cooked Tripe 5kg,,0,media/Site Files/Beef-Tripe-Not-Cleaned-1Kg.jpg,15
Beef Topside (800g-1kg) [HALAL],,24,media/Site Files/Beef-Topside-1.jpg,15
Beef Striploin/Sirloin (800g-1kg) [HALAL],,27,media/Site Files/Beef-Striploin-1.jpg,15
Beef Tenderloin (800g-1kg) [HALAL],,30,media/Site Files/Beef-Tenderloin-1.jpg,15
Beef Knuckle (800g-1kg) [HALAL],,24,media/Site Files/Beef-Knuckle-1.jpg,15
Beef Silverside (800g-1kg) [HALAL],,23,media/Site Files/Beef-Silverside-1.jpg,15
Beef Trimmings (800g-1kg) [HALAL],,16,media/Site Files/Beef-Trimming-1.jpg,15
Beef Brisket (800g-1kg) [HALAL],,21.2,media/Site Files/Beef-Brisket-1.jpg,15
Beef Rump (800g-1kg) [HALAL],,23,media/Site Files/Beef-Rump-1.jpg,15
Beef Blade (800g-1kg) [HALAL],,21,media/Site Files/Beef-Blade.jpg,15
Beef Neck Bone (800g-1kg) [HALAL],,25.4,media/Site Files/Beef-Neck-Bone-1.jpg,15
NZ Black Mussels / NZ 黑蚝 (1 packet),,11.7,media/Site Files/NZ-Black-Mussels-1.jpg,17
Mussel Meat / 冷冻青口肉 (500g),,24,media/Site Files/Frozen-Mussel-Meat.jpg,17
Half Shell Scallop / 半边壳带子 (1kg),,24,media/Site Files/scallop-1.jpg,17
Cockle Meat / 蛤蜊肉 / Isi Kerang (1kg),,14,media/Site Files/Cockle-Clam-Meat.jpg,17
Frozen Cooked White Clam Whole Shell ( Hamaguri ) 冷凍熟白蛤 (1kg),,23,media/Site Files/Frozen-Cooked-White-Clam-Whole-Shell-Hamaguri-.jpg,17
Dried Oyster / 蚝干 (200g),,24,media/Site Files/Dried-Oyster-200G-1.jpg,17
Grade A USA Scallop / 美国带子 (500g),,48,media/Site Files/Grade-A-USA-Scallop-500g.jpg,17
Pink Half Shell Scallop / 粉壳半壳带子 (500g),,16,media/Site Files/Pink-Half-Shell-Scallop-1.jpg,17
Sanma Fish,,0,media/Site Files/unnamed_1.jpg,18
Saba Fish,,0,media/Site Files/saba fish.jpg,18
Shishamo (1 packet),,10,media/Site Files/1300-6-e1593067294737.png,18
Grab Meat,,0,media/Site Files/71f67488b0857639cee631943a3fc6fa_L.jpg,19
Flower Grab,,0,media/Site Files/flower.jpg,19
Stone Crab Live,,0,media/Site Files/de crabe.jpg,19
Whole Squid,,0,media/Site Files/frozen-squid-500x500-1.jpg,22
Boiled Giant Octopus / Ni Tako / (Halal) 冷凍真蛸 (1pc),,115,media/Site Files/Ni-Tako-Boiled-Giant-Octopus-HALAL-.jpg,22
Soft Shell Crab 软壳蟹 (1kg),,58,media/Site Files/Soft-Shell-Crab-30-Glazing.jpg,19
King Crab / 帝王蟹 (1 pc),,190,media/Site Files/King-Crab.jpg,19
Squid Ring / 苏东圈 (1kg),,9.1,media/Site Files/Squid-Ring-1.jpg,22
Wild Chilean sea bass,,0,media/Site Files/0000177_cod-fish_360.jpeg,20
Squid whole clean,,0,media/Site Files/squid whole clean.jpg,22
CuttleFish 1kg,,0,media/Site Files/360_F_51156871_SPOrAyXC4MVNMYpkd6iy74UOVJRjHVaa.jpg,22
Baby cuttlefish,,0,media/Site Files/raw-cuttlefish-whole-cleaned-2040-pcs-1-kg-bag-frozen-540383.jpg,22
Unagi Kabayaki (1 pc),,22.1,media/Site Files/Unagi-Kabayaki.jpg,18
Grouper / 石班 / Kerapu – Whole Fish (+/- 1.1kg),,48,media/Site Files/Grouper-.jpg,18
Butter Fish Fillet,,0,media/Site Files/butter fish fillet.jpg,20
Cod Loin,,0,media/Site Files/cod loin.jpg,20
Saba Mackerel Fillet / Fillet Tenggiri Saba / 鲭鱼厚片(2 pcs),,9.8,media/Site Files/Saba-Mackerel-Fillet.jpg,18
Redfish Slice / 红鱼片 (1 pc),,12,media/Site Files/Redfish-Fillet.jpg,18
Lobster / 龙虾 / Udang Kara (2 pcs) +/- 2kg,,243,media/Site Files/Lobster.jpg,21
Red Coral Grouper Fillet +/-700g,,60,media/Site Files/Red-Coral-Grouper-Fillet.jpg,18
Big Prawn / 大虾 / Udang Besar – 21/25 (1kg),,50,media/Site Files/Prawn-DL-2125.jpg,21
Flounder Fillet / 无骨鲽鱼 +/-1kg,,30,media/Site Files/Flounder-Fillet.jpg,20
Grouper Fillet / 石斑鱼片 (1kg),,56,media/Site Files/Grouper-Fillet.jpg,20
Big Prawn / 大虾 / Udang Besar – 31/35 (1kg),,39,media/Site Files/Prawn-TL-3135-.jpg,21
Big Prawn / 大虾 / Udang Besar – 21/30 (1kg),,43,media/Site Files/Prawn-DT-2130--rotated.jpg,21
Mantis Shrimp Meat / 虾姑肉 (300g),,10,media/Site Files/Mantis-Shrimp-Meat.jpg,21
Big Prawn / 大虾 / Udang Besar – 41/50 (1kg),,35,media/Site Files/Prawn-EL-41_50.jpg,21
Baby Octopus (300g),,12,media/Site Files/baby octupus.jpg,22
Norwegian Salmon Head 冷冻三文鱼头 (1 pc),,8,media/Site Files/Frozen-Salmon-Head.jpg,20
Dory Fish / 时多利鱼肉片 (900-1kg),,13.2,media/Site Files/Dory-Fillet.jpg,20
Tilapia Fish Fillet / 非洲鱼片 (2 pcs) +/-380g,,10,media/Site Files/Tilapia-Fillet.jpg,20
Dried Shrimps 200G / 虾米 / Udang Kering (200g),,13,media/Site Files/dried-shrimp-1-1.jpg,21
Local Ming Prawn 本地明虾 (400-500g),,30,media/Site Files/Ming-Prawn.jpg,21
Perch fillet / 宝石鲈鱼片 (2 pcs) +/-700,,14,media/Site Files/Perch-Fillet.jpg,20
Chilean Atlantic Salmon Fillet / 智利三文鱼 (2 or 4 pcs),,26.7,media/Site Files/Chile-Salmon-Fillet.jpg,20
Washed W.Chestnut/Water Chestnut,Washed Water Chestnut(500g*20p),0,media/Site Files/c43d2d_6a5094b786bb469a9ce3151d0d32657a_mv2.webp.png,24
Washed W.Chestnut/Water Chestnut,Water Chestnut(10kg),85,media/Site Files/c43d2d_6a5094b786bb469a9ce3151d0d32657a_mv2.webp.png,24
Chestnut(40-60)/10kg,,95,media/Site Files/chestnut.jpg,24
Cavendish Banana / Pisang Montel (1kg),,6.5,media/Site Files/Montel-Banana.jpg,24
Berangan Banana (1kg),,7.8,media/Site Files/Berangan-Banana.jpg,24
Navel Orange/CHINA/113p,,55,media/Site Files/navel orange.jpg,24
Mango (1 pc),,4,media/Site Files/mango-e1592500407209.jpg,24
Avocado (AUS)/9kg,,60,media/Site Files/avocado.jpg,24
China Golden Pear (30p),,90,media/Site Files/pear.jpg,24
Mix Berries (500g),,11.7,media/Site Files/Mix-Berries-500GM_PKT-.jpg,24
Local Honeydew (1 pc),,20,media/Site Files/Local-Honeydew.jpg,24
MD2 Pineapple (1 pc),,12,media/Site Files/pineapple-e1592500694372.jpg,24
Local Watermelon (1 pc),,20,media/Site Files/watermelon.jpeg,24
Crimson Seedless Grape (4.5kg),,70,media/Site Files/chileseedlessredgrape-e1592981850967.jpg,24
Grapefruit (1 pc),,3.2,media/Site Files/grapefruit.jpg,24
Green Apple,Green Apple(TUR(198)),100,media/Site Files/apple afica.jpg,24
Green Apple,Green Apple(TUR(138)),110,media/Site Files/apple afica.jpg,24
Green Apple,Green Apple(SA(150)),100,media/Site Files/apple afica.jpg,24
Lime (100g/pack),,1.2,media/Site Files/limau.jpeg,24
Salted Egg (6 pcs),,5.4,media/Site Files/Century-Eggs.jpg,16
Eggs (Grade A) (30pcs/tray),,15.5,media/Site Files/eggs-grade-b-e1592471187840.jpeg,16
Omega Egg (10 pcs/tray),,5.75,media/Site Files/Omega-Eggs.png,16
Kampung Eggs (30pcs/tray),,18,media/Site Files/1100-0025-e1593067012109.jpg,16
Duck Egg (5 pcs),,5,media/Site Files/Duck-eggs.jpg,16
Eggs (Grade C) (30pcs/tray),,12.6,media/Site Files/eggs-grade-b-e1592471187840.jpeg,16
Eggs (Grade B) (30pcs/tray),,14.5,media/Site Files/eggs-grade-b-e1592471187840.jpeg,16
Century Egg / Pidan (5 pcs),,6,media/Site Files/9db03f_6ddc296ce6a04012ad436329acf26f01_mv2.jpg,16
Omega Egg (3×10 pcs),,16.5,media/Site Files/Omega-Eggs-Bundle.jpg,16
Ma Cao Eggs 马草蛋 (Grade A) (30pcs/tray),,23,media/Site Files/Ma-Cao-Eggs.jpg,16
Ma Cao Eggs / 马草蛋 (Grade A) (10pcs),,8.5,media/Site Files/Ma-Cao-Eggs-1.jpg,16
Daun Sup / Leaf Celery (100g/pack),,2,media/Site Files/daun sup.jpg,6
Labu Air (+/-1kg per pack),,7.7,media/Site Files/labu air.jpg,2
Bunga Kantan / Torch Ginger Flower (3 pcs/bundle),,3.9,media/Site Files/bungakantan-e1592981873746.jpg,1
Petai (200g/pack),,12.8,media/Site Files/petai-e1592979301181.jpg,4
Turmeric / Kunyit Hidup (300g/pack),,3.5,media/Site Files/kunyit hidup.jpeg,3
Lengkuas / Galangal (300g/pack),,3.5,media/Site Files/lengkuas.jpeg,3
"Lime Leaves, Daun Limau (10 pcs/pack)",,1,media/Site Files/B304DF79-F719-4BB1-9B09-20AF8EE2F881_4_5005_c-e1592986405342.jpeg,6
Holland Pea / Snow Pea /130g*30p,,55,media/Site Files/holland pea.jpg,4
Green Chilli Padi/Cili Padi Hijau (100g/pack),,1.8,media/Site Files/cili padi hijau.jpeg,2
Mini Yam ( 7kg ),,28,media/Site Files/Yam-keladi.jpg,3
Mint Leaves/Daun Pudina (100g/pack),,1.5,media/Site Files/daun pudina.jpg,6
"Curry Leaves, Daun Kari (50g/pack)",,1.5,media/Site Files/daun kari.jpeg,6
Chat Potato (15kg),,0,media/Site Files/chat potato.jpg,3
Honey Sweet Potato / 蜜糖番薯 +/-500g,,5.5,media/Site Files/sweet orange potato.jpg,3
(Organic) Tomato / 番茄 +/-300g,,5.5,media/Site Files/Tomato-1.jpg,2
Sengkuang,,4.5,media/Site Files/Sengkuang.png,1
Green Pepper (1 pc),,5.4,media/Site Files/05B0C3A5-5851-44FB-B18B-F5A25FF57AB2_4_5005_c-e1593058900467.jpg,2
Local Sweet Potato (Purple/Yellow) - 500g*10p,Local Sweet Potato - 500g*10p(Purple),6.5,media/Site Files/Sweet-Potato-Purple-1.jpg,3
Local Sweet Potato (Purple/Yellow) - 500g*10p,Local Sweet Potato - 500g*10p(Yellow),6.5,media/Site Files/local sweet potato yellow.jpg,3
Petola (500g+/-pack),,5.1,media/Site Files/petola.jpeg,2
Yellow Pepper (1 pc),,5.4,media/Site Files/yellow chili.jpg,1
Small Bittergourd (250g/pack),,2.9,media/Site Files/smallbittergourd-e1592981694286.jpg,2
Beetroot (500g/pack),,4,media/Site Files/84BCAE99-9BC2-4E86-9C1A-BB70450281AC_4_5005_c-e1593064430741.jpg,3
Sweet Potato (Japanese) / 日本番薯 +/-500g,,5.5,media/Site Files/Sweet-Potato-Japanese-1-1.jpg,3
Red Chilli (200g/pack),,3,media/Site Files/E65CCE48-0CC4-44A2-BED1-AFA036E15130_4_5005_c-e1593064247877.jpg,2
TAIWAN Sweet Potato/500kg*10p,TAIWAN Sweet Potato/500kg*10p(Orange),35,media/Site Files/sweet orange potato.jpg,3
Red Pepper (1 pc),,5.4,media/Site Files/Red Paper.jpg,2
Red Chilli Padi (100g/pack),,3.5,media/Site Files/71C69288-1789-44D1-8182-42460F0FD3A0_4_5005_c-e1592986215716.jpeg,2
Local Leek /Korea Leek,Local Leek(Local (8kg)),0,media/Site Files/AF207180-1573-4EEB-A518-2B2D33B348FE_4_5005_c-e1593062688284.jpg,6
Local Leek /Korea Leek,Korea Leek(Korea (5kg)),0,media/Site Files/AF207180-1573-4EEB-A518-2B2D33B348FE_4_5005_c-e1593062688284.jpg,6
Shitake Mushroom (200g*25p),,85,media/Site Files/587055D2-D31C-480D-8876-FD79255830F0_4_5005_c-e1593061497845.jpg,1
Dai Pak Choy / Sawi Putih (250g/pack),,3,media/Site Files/FC2A8831-E4A7-4C8E-B7D0-2F47AEA7607E_4_5005_c-e1593064140438.jpg,6
Hong Kong Nai Bak (200g/pack),,4.5,media/Site Files/china-baby-qing-bak-200g-pack.jpg,6
Butter Lettuce (1 pc),,4.8,media/Site Files/257C78C1-2ACC-4FA6-8F47-BF2660E80664_4_5005_c-e1593063109720.jpg,6
(Organic) Mini Cos / Romaine Lettuce / 油麦 +/-280g,,5.5,media/Site Files/Mini-Cos-1.jpg,6
Kuchai / Garlic Chives (100g/pack),,1.5,media/Site Files/B8B78F6B-5801-4BAF-A803-086D9FADE43C_4_5005_c-e1592987406319.jpeg,6
(Organic) Cabbage Shoot / Choy Tam / 菜旦 +/-270g,,5.5,media/Site Files/Choy-Tam-1.jpg,6
Cherry Tomato (300g/pack),,4,media/Site Files/A89C1479-12D1-476B-9CB7-AD3BE3D6214E_4_5005_c-e1593058806713.jpg,2
AUS Jap Pumpkin / Butternut Pumpkin,AUS Jap Pumpkin(Jap),200,media/Site Files/AFE65E4E-257B-423D-87F5-0697C3B0D31A_4_5005_c-e1593063418476.jpg,2
AUS Jap Pumpkin / Butternut Pumpkin,Butternut Pumpkin(Butternut),200,media/Site Files/butternut pumpkin.jpg,2
Washed Lotus Root (10kg),,120,media/Site Files/Lotus-Root.png,3
Button Mushroom (200g/pack),,7,media/Site Files/624F4822-8BE6-48A3-AB15-8194C0406510_4_5005_c-e1593061638437.jpg,5
US / Russet Potato 120 /22.7kg,,95,media/Site Files/US-Russet-Potato.jpg,3
Beijing Cabbage,,45,media/Site Files/1617789692521-Cut Cabbage Beijing1.jfif.jpg,6
Chinese Parsley / Coriander / Daun Ketumbar (100g/pack),,2,media/Site Files/daun ketumbar.jpg,6
Celery (15Kg),,120,media/Site Files/Celery-1.jpg,6
Cauliflower(12kg),,60,media/Site Files/82E6209C-ECD9-4131-B8EA-BDCA749F1F85_4_5005_c-e1593064406809.jpg,2
Baby Corn (1 pack),,3,media/Site Files/Baby-Corn.jpg,2
Almond Mushroom / King Oyster Mushroom,King Oyster Mushroom(200g*30p),75,media/Site Files/king-oyster-mushroom-e1592983780898.jpg,5
Almond Mushroom / King Oyster Mushroom,Almond Mushroom(300g*15p),60,media/Site Files/king-oyster-mushroom-e1592983780898.jpg,5
Baby Siew Pak Choy (200g/pack),,4,media/Site Files/babysiewpakchoy-e1590754014296.jpg,6
Old Cucumber (1 pc),,4.5,media/Site Files/Old-Cucumber.png,2
Shimeji Mushroom(Brown/White)-150g*40p,Shimeji Mushroom-150g*40p(Brown),68,media/Site Files/Brown-Shimeiji-Mushroom-e1593653378919.jpeg,5
Shimeji Mushroom(Brown/White)-150g*40p,Shimeji Mushroom-150g*40p(White),65,media/Site Files/Brown-Shimeiji-Mushroom-e1593653378919.jpeg,5
(Natural) Baby French Bean / 桂豆苗 +/-180g,,5.5,media/Site Files/Baby-French-Bean-1.jpg,4
Ginger/Ginger King,Ginger(5kg),24,media/Site Files/8604CD57-0283-4159-95CB-AE625B58D881_4_5005_c-e1592986271448.jpeg,3
Ginger/Ginger King,Ginger King(10kg),58,media/Site Files/8604CD57-0283-4159-95CB-AE625B58D881_4_5005_c-e1592986271448.jpeg,3
Eggplant / Brinjal / Aubergine (1 pc),,3.3,media/Site Files/A7211247-C2FB-4133-8577-E449D5015496_4_5005_c-e1593064056327.jpg,2
Long Bean (250g/pack),,3.5,media/Site Files/longbean-e1592981717719.jpg,4
Japanese Cucumber (500g/pack),,4.3,media/Site Files/6351D2F5-B4F2-4AEE-9BDE-05350BE02AE8_4_5005_c-e1593063400871.jpg,2
Hong Kong Kai Lan / 香港芥兰 (200g/pack),,4,media/Site Files/Kailan-1.jpg,6
NZ/Brown Onion/500g*10p,,18,media/Site Files/C43A0476-9C57-4734-8EB4-B98BA78B4A15_4_5005_c-e1593058920866.jpg,3
Romaine (1 pc),,4.5,media/Site Files/romaine.jpg,6
Lemongrass / Serai (3pcs/bundle),,0.7,media/Site Files/Serai 0.7.jpeg,1
AUS Cabbage/AUS Purple Cabbage,AUS Cabbage,0,media/Site Files/Cabbage.jpg,6
AUS Cabbage/AUS Purple Cabbage,AUS Purple Cabbage,0,media/Site Files/kubis merah.jpg,6
Broccoli,Broccoli(7kg),60,media/Site Files/Broccoli-1.jpg,1
AUS Carrot(Farmgate/Ozzy/C3/Pack),AUS Carrot(Farmgate),48,media/Site Files/Carrot-1.jpg,1
AUS Carrot(Farmgate/Ozzy/C3/Pack),AUS Carrot(Ozzy),45,media/Site Files/Carrot-1.jpg,1
AUS Carrot(Farmgate/Ozzy/C3/Pack),AUS Carrot(C3),40,media/Site Files/Carrot-1.jpg,1
AUS Carrot(Farmgate/Ozzy/C3/Pack),AUS Carrot(Pack),95,media/Site Files/Carrot-1.jpg,1
Siew Pak Choy (200g/pack),,2.2,media/Site Files/Siew Pak Choy.jpg,6
Okra / Lady Finger (250g/pack),,3.6,media/Site Files/okra.jpg,4
Spring Onion (100g/pack),,1.1,media/Site Files/spring onion.jpg,6
White Garlic (CHN)/500g*10p,,32,media/Site Files/Unpeeled Garlic.jpg,3
Small Shallot(500g*10p),Small Shallot(500g*10p)(CHINA),15,media/Site Files/red onion.jpg,3
Small Shallot(500g*10p),Small Shallot(500g*10p)(THAILAND),43,media/Site Files/red onion.jpg,3
Enoki Mushroom (100g*50p),,32,media/Site Files/enoki-e1593061619596.jpg,5
Ubi Kayu / Cassava / Yuca Root (+/-1kg per pack),,4.55,media/Site Files/Ubi-Kayu.jpg,3
White Radish/Red Radish/Green Radish(10kg),White Radish(10kg),38,media/Site Files/radish.jpg,3
White Radish/Red Radish/Green Radish(10kg),Red Radish(10kg),45,media/Site Files/Red-radish-2.jpg,3
White Radish/Red Radish/Green Radish(10kg),Green Radish(10kg),0,media/Site Files/9680.png,3
Choy Sum / Baby Choy Sum,Choy Sum(Normal 5.5kg),60,media/Site Files/Cameron-Sawi.jpg,6
Choy Sum / Baby Choy Sum,Baby Choy Sum(Baby 4kg),40,media/Site Files/Hong-Kong-Sawi.jpg,6
